temperature,warming_derivatives,cooling_derivatives,heat_capacity
16.542860054871305,1.9325789591457578,-0.07619549985854945,2.3138106217257036e-06
16.562860054871305,1.6281329141929746,-0.0791438160904363,2.720889001476039e-06
16.582860054871304,1.6965963475231547,-0.07549703713448253,2.619912433109165e-06
16.602860054871304,1.5856006613931868,-0.0915528219738917,2.76666441160451e-06
16.622860054871303,1.4992846605200612,-0.12492157593078446,2.8552507259426366e-06
16.642860054871303,1.5606148579099681,-0.10150328567033284,2.788544356842373e-06
16.662860054871302,1.3877295866259374,-0.10851160319543851,3.0959856285697936e-06
16.682860054871302,1.6561868569115177,-0.11065344913504305,2.6203583264930746e-06
16.7028600548713,1.3130336258909665,-0.11425352767037111,3.2419461546303244e-06
16.7228600548713,1.3905720469774678,-0.12945864060930035,3.042456058006335e-06
16.7428600548713,1.5973275871947408,-0.12221316795330495,2.6879608389648624e-06
16.7628600548713,1.3326053935015807,-0.10816804076603148,3.2062534421381125e-06
16.7828600548713,1.2984862622106448,-0.1365112501262047,3.217394374792017e-06
16.8028600548713,1.4758556953456718,-0.17761797239654697,2.790726252512034e-06
16.8228600548713,1.3360907392925583,-0.15074768232625502,3.1017716531440334e-06
16.8428600548713,1.373300732811913,-0.15418495740323124,3.0175755176052484e-06
16.862860054871298,1.333055294235237,-0.20008444925770164,3.0047923223673983e-06
16.882860054871298,1.4893971397541463,-0.12625927109911572,2.8497554720813876e-06
16.902860054871297,1.3312793959630653,-0.16161506520438707,3.0824091501874957e-06
16.922860054871297,1.3712861659296323,-0.20189546457004326,2.9235044387579368e-06
16.942860054871296,1.2987703065155074,-0.17552483193321677,3.1178710270722895e-06
16.962860054871296,1.3025037679180969,-0.16982611339335563,3.1203284406107915e-06
16.982860054871296,1.31564220180735,-0.2536842214612989,2.9258609840480388e-06
17.002860054871295,1.134536654164549,-0.20924634971743217,3.415068353988779e-06
17.022860054871295,1.2801684048899915,-0.20066090592808905,3.097331715344616e-06
17.042860054871294,1.3431000203709118,-0.19749373058584752,2.975583847365322e-06
17.062860054871294,1.229080779819924,-0.2446013270800904,3.108979150641771e-06
17.082860054871293,1.2614818533984362,-0.2077960582828382,3.1165920873566828e-06
17.102860054871293,1.1996705549536273,-0.24435733814607374,3.169398796155023e-06
17.122860054871293,1.2098639729665592,-0.21431667184106118,3.211803910182084e-06
17.142860054871292,1.207999774691416,-0.22196932625956833,3.1970932266870895e-06
17.16286005487129,1.2305041457584593,-0.25555187453392136,3.0747562282028646e-06
17.18286005487129,1.2124387242365628,-0.2506885044513183,3.1212373093953937e-06
17.20286005487129,1.1308968412340619,-0.2758970548893558,3.24450404433796e-06
17.22286005487129,1.1593123621933046,-0.25315149371454027,3.2297186337037064e-06
17.24286005487129,1.217987080279272,-0.2553964932239978,3.094531053214089e-06
17.26286005487129,1.167000172463304,-0.24953397001809208,3.216994239785831e-06
17.28286005487129,1.1269205774005968,-0.23427340955822729,3.3459843083782575e-06
17.30286005487129,1.217161942840903,-0.273036602884531,3.0546916853205515e-06
17.32286005487129,1.1948952861566795,-0.30585686954145785,3.0315859647292444e-06
17.342860054871288,1.2122386528062634,-0.28975992189953104,3.027456644480889e-06
17.362860054871287,1.0099991280585527,-0.31814225217385683,3.421933365478717e-06
17.382860054871287,1.3292110011097975,-0.28558195042569423,2.812979467252757e-06
17.402860054871287,0.9962414185574744,-0.340832295587461,3.395433637373237e-06
17.422860054871286,1.0417403035680763,-0.28552292827225756,3.4187489712890236e-06
17.442860054871286,1.0600614147406304,-0.2739862543239724,3.3995367805662227e-06
17.462860054871285,1.1004772708261044,-0.3603537993039936,3.1028344173564975e-06
17.482860054871285,1.0787223866136628,-0.31618514034926193,3.2477944529110587e-06
17.502860054871284,1.022445770126069,-0.390353587892605,3.204931192165904e-06
17.522860054871284,1.1631141415855382,-0.35077896823349874,2.989332514693461e-06
17.542860054871284,0.9612113924813457,-0.24031535326503217,3.7645292000143163e-06
17.562860054871283,1.0467726273200242,-0.4595667456451338,3.001176046365803e-06
17.582860054871283,0.8807407765416428,-0.2685258596029598,3.931533562807827e-06
17.602860054871282,1.1397717301151715,-0.23982634191634133,3.273427884158339e-06
17.622860054871282,0.9640915993804811,-0.37473050015978515,3.3713481337799173e-06
17.64286005487128,0.9465805280487984,-0.39363631294691004,3.36608445098457e-06
17.66286005487128,0.970075133809587,-0.42468492197804153,3.2327733880655373e-06
17.68286005487128,1.0257771710748784,-0.37153771359226084,3.2251479546124026e-06
17.70286005487128,0.9543265600295854,-0.34615110096592616,3.4635060137140306e-06
17.72286005487128,1.0439907317850157,-0.4497883816366084,3.013746407475944e-06
17.74286005487128,0.8895111853489652,-0.36139893714653226,3.596976120931487e-06
17.76286005487128,1.1132968158344738,-0.4288364596286556,2.9162025859141778e-06
17.78286005487128,0.8729498310713097,-0.4223108963778941,3.4702008951952125e-06
17.802860054871278,1.011651454056846,-0.43138668014580617,3.11321343319475e-06
17.822860054871278,0.9884622416930142,-0.37663490857812576,3.2892732997684404e-06
17.842860054871277,0.8049930850393139,-0.3273129563021939,3.9634429538656265e-06
17.862860054871277,0.9398723297126708,-0.41770018028182676,3.3040681956564626e-06
17.882860054871276,0.9557292018434964,-0.37196965896873735,3.3766737402850484e-06
17.902860054871276,0.9624095251347171,-0.3949371852722834,3.301201919614197e-06
17.922860054871276,0.8138995289918967,-0.5464025354012847,3.2923247297804354e-06
17.942860054871275,0.9421088722592685,-0.40005141927395016,3.3351059359145983e-06
17.962860054871275,0.8221794445707928,-0.410853625726304,3.628403400224912e-06
17.982860054871274,0.8399134386854712,-0.35876368888420984,3.730479820730287e-06
18.002860054871274,0.8948208557849284,-0.5765017243102193,3.0376536162720077e-06
18.022860054871273,0.9476960521715228,-0.20537230372428894,3.874062973013266e-06
18.042860054871273,0.7941590767877642,-0.5521410930086859,3.316322767064757e-06
18.062860054871273,0.8184577875654213,-0.43474715659976937,3.5608653747688345e-06
18.082860054871272,0.7591129826032557,-0.38086491829017177,3.912534127222394e-06
18.10286005487127,0.8238764283996716,-0.6444576681242324,3.036052633411679e-06
18.12286005487127,0.8633564421033952,-0.3829424655123148,3.575104833734901e-06
18.14286005487127,0.8084290667320602,-0.42572032960742945,3.6084555713205327e-06
18.16286005487127,0.7645417516323505,-0.5532010070746765,3.37783774630875e-06
18.18286005487127,0.8641367184463888,-0.3933370699523948,3.537939424112664e-06
18.20286005487127,0.7481401405093493,-0.7052085309987888,3.0595686558364694e-06
18.22286005487127,0.8894000088766916,-0.28129486518446356,3.7963309612708442e-06
18.24286005487127,0.7459612834063591,-0.7127153459005058,3.045298245118947e-06
18.26286005487127,0.6889731563278474,-0.25954743032343686,4.680826979891191e-06
18.282860054871268,0.8477354994101916,-0.4369374511297792,3.454255761036269e-06
18.302860054871267,0.7961338035529479,-0.9259129642741755,2.5756374621823803e-06
18.322860054871267,0.7039338718459476,-0.4248133552900981,3.927466239172518e-06
18.342860054871267,0.5855729398317635,-0.5877171174361138,3.7764557319902194e-06
18.362860054871266,0.6580180551100057,-0.3900801233830862,4.225434623383099e-06
18.382860054871266,0.7783558533992618,-0.6254493366359384,3.153180091724765e-06
18.402860054871265,0.6956772541998362,-0.7218403244041838,3.121096051838382e-06
18.422860054871265,0.7486819590412779,-0.31708074564812705,4.149155770702895e-06
18.442860054871264,0.7063982202816987,-0.4554672800004482,3.804049466372716e-06
18.462860054871264,0.5994416582980193,-0.8308722845395096,3.0885411502433514e-06
18.482860054871264,0.6075181455817074,-0.44305358434212394,4.202820894377339e-06
18.502860054871263,0.6851173905888572,-0.5222254968903144,3.6552734386078257e-06
18.522860054871263,0.7550585884891916,-0.6860720132244751,3.0607629277193773e-06
18.542860054871262,0.6629890887707006,-0.44565021868038457,3.976751035429794e-06
18.562860054871262,0.6885211003973382,-0.6400821606512181,3.3167045916986757e-06
18.58286005487126,0.6365327664971119,-0.5962547070521396,3.5727129158838146e-06
18.60286005487126,0.6856515035906341,-0.40522815485019237,4.035471394475989e-06
18.62286005487126,0.700653284904547,-0.512205095088575,3.6278101196801253e-06
18.64286005487126,0.5930069855239708,-0.5194773492839886,3.953167336984718e-06
18.66286005487126,0.6334937938809162,-0.63882508961251,3.454859435796475e-06
18.68286005487126,0.5797906270308886,-0.6246361253433861,3.647792421079995e-06
18.70286005487126,0.6255821594531881,-0.6125847696384881,3.5466297556326613e-06
18.72286005487126,0.635079924861202,-0.5864649551949697,3.593130358000338e-06
18.742860054871258,0.5372939357184805,-0.7339559867104981,3.450924360687905e-06
18.762860054871258,0.5940231419808697,-0.590566316168406,3.7015761145601935e-06
18.782860054871257,0.5891977570499876,-0.5033958496351261,4.01127249714622e-06
18.802860054871257,0.6024504234374035,-0.5110213757725433,3.934131797126998e-06
18.822860054871256,0.6175281468895264,-0.8208295542281121,3.044018442039312e-06
18.842860054871256,0.5582385497109499,-0.32097606640309095,4.977436259559315e-06
18.862860054871255,0.5910825953906169,-0.9367645944003016,2.8629168780244146e-06
18.882860054871255,0.5550992023254366,-0.6377622692962177,3.6651233286808427e-06
18.902860054871255,0.5583078214694979,-0.5309005749295466,4.011941860055035e-06
18.922860054871254,0.5559377342506195,-0.9211623904411681,2.956941413846666e-06
18.942860054871254,0.5172618665746995,-0.6093266966199735,3.875033391604633e-06
18.962860054871253,0.5032444324169774,-0.5416041077114642,4.176172175045738e-06
18.982860054871253,0.5564867790380958,-1.14626898127608,2.561339438050417e-06
19.002860054871253,0.49430271791061386,-0.3971870681270957,4.88980269476572e-06
19.022860054871252,0.5369587526365649,-0.6445943545986665,3.6876029899457684e-06
19.04286005487125,0.5344106874345016,-0.6847933948156424,3.57199068191102e-06
19.06286005487125,0.4540832952479832,-0.58411744015757,4.192705466831912e-06
19.08286005487125,0.5210580304119503,-0.5930125755257905,3.905298213798412e-06
19.10286005487125,0.5475934229325503,-0.7813714202929987,3.2722309648112635e-06
19.12286005487125,0.4596648465085309,-0.47754048265051097,4.637797962910112e-06
19.14286005487125,0.508483649478876,-0.9168234027456492,3.0481047541505925e-06
19.16286005487125,0.47143492232862627,-0.6458181055204477,3.886669425504475e-06
19.18286005487125,0.4505558765231399,-0.600030167697696,4.131308436756801e-06
19.20286005487125,0.449094590155255,-0.6123840587679297,4.086965855366757e-06
19.222860054871248,0.4890997722686734,-0.5787455503013916,4.060642692560859e-06
19.242860054871247,0.4443194667746866,-0.7122544766752981,3.7473242339752778e-06
19.262860054871247,0.46697042484447593,-0.8115571507951245,3.388264370750542e-06
19.282860054871247,0.4306136580344173,-0.6380102169932798,4.051862099777407e-06
19.302860054871246,0.40979485796560766,-0.27491959277540445,6.3206480270760576e-06
19.322860054871246,0.4537959477456752,-0.9074275348102674,3.1778541983354193e-06
19.342860054871245,0.3785447867703624,-0.6033343924209476,4.403515670583465e-06
19.362860054871245,0.3935700258007273,-0.7753138639091048,3.697253270083534e-06
19.382860054871244,0.37558261367667,-0.8557611367432401,3.5080343337044617e-06
19.402860054871244,0.3919284651892667,-0.4049833915196359,5.417861232039473e-06
19.422860054871244,0.3861093719533528,-1.034685482736677,3.037377402322304e-06
19.442860054871243,0.402197126095416,-0.3865117325913161,5.468986688340017e-06
19.462860054871243,0.36764207888336387,-0.9547152114100754,3.26039710077275e-06
19.482860054871242,0.3864088481932413,-0.6427796248462982,4.187142382791245e-06
19.502860054871242,0.3882640395895578,-0.7930092277820222,3.6463483352112693e-06
19.52286005487124,0.3362054895696929,-0.6838088181102648,4.220810458105949e-06
19.54286005487124,0.36247619619643956,-0.9272920673829503,3.336460930963095e-06
19.56286005487124,0.3298295003914973,-0.8252260331064463,3.7238326244700084e-06
19.58286005487124,0.30257096549030393,-0.5084930239245296,5.300706068548402e-06
19.60286005487124,0.36437217734055594,-0.7838286847108975,3.742542446630811e-06
19.62286005487124,0.33617813735691016,-1.0386065919301473,3.1242442659608717e-06
19.64286005487124,0.30747359921224415,-0.7491909913078416,4.062913700421602e-06
19.66286005487124,0.3197624087406439,-0.6137690810282947,4.596674499130061e-06
19.682860054871238,0.3310453698504716,-0.8995274981716648,3.485474563797956e-06
19.702860054871238,0.2972260156930133,-0.5353195887291804,5.149417975019814e-06
19.722860054871237,0.2999985407659551,-0.8435966120232479,3.747060702524703e-06
19.742860054871237,0.30810420499619795,-0.3726569120772183,6.2916526597869865e-06
19.762860054871236,0.2741864413692383,-1.22104498592671,2.863172013033454e-06
19.782860054871236,0.2723366312129656,-0.8828848722187104,3.7041457787671904e-06
19.802860054871235,0.2938421336657484,-0.45541296142619103,5.7085247195163175e-06
19.822860054871235,0.26500226326243137,-1.5447948391374666,2.3622142278459187e-06
19.842860054871235,0.2660846835869961,-1.3580708369263448,2.6309966036825793e-06
19.862860054871234,0.2528821406813222,-0.7367811873118626,4.315784381453186e-06
19.882860054871234,0.26386841364001157,-0.7531338630942628,4.197826821067213e-06
19.902860054871233,0.2360348445654381,-0.8857808992033824,3.8038473074868954e-06
19.922860054871233,0.244533033343032,-0.9002041450730758,3.7259535804777433e-06
19.942860054871232,0.2544443519145716,-0.835669121646788,3.910829901488432e-06
19.962860054871232,0.24317533241264755,-1.089124262565747,3.1984447569146464e-06
19.98286005487123,0.23612323628913146,-0.696264733269345,4.5681975173704515e-06
20.00286005487123,0.2374330083184759,-0.6420694162079599,4.840651383421632e-06
20.02286005487123,0.1985801156843081,-1.1350920939585194,3.1907375305264418e-06
20.04286005487123,0.22435796634090366,-0.6364901048946194,4.940998839432004e-06
20.06286005487123,0.2171165711406502,-1.1337268785573542,3.1472907939444785e-06
20.08286005487123,0.2130750751493906,-0.8266168246045709,4.087285533030586e-06
20.10286005487123,0.1958205827504571,-1.453552380320616,2.575294454377588e-06
20.12286005487123,0.1799469329562271,-0.7273003086447716,4.679705509966279e-06
20.142860054871228,0.17920943196804728,-0.7941523184272228,4.3598339214520825e-06
20.162860054871228,0.1834953930338088,-0.7922199665918015,4.347338206541053e-06
20.182860054871227,0.18713707569986582,-0.7418998181151437,4.563688162219157e-06
20.202860054871227,0.1708150080503401,-0.7704984243318904,4.502103852421538e-06
20.222860054871227,0.16893379626708338,-0.5321725117973983,6.041825420031923e-06
20.242860054871226,0.1584211734971177,-1.2499939039116725,3.0062325187908307e-06
20.262860054871226,0.14326243940740824,-0.7464161165698897,4.7568877029464625e-06
20.282860054871225,0.15491625463073433,-0.6935885304119438,4.985453606927782e-06
20.302860054871225,0.1449116245003097,-1.373979946714826,2.7837769610575683e-06
20.322860054871224,0.1393386291765637,-1.004674710216932,3.694307433935821e-06
20.342860054871224,0.13629337474048953,-0.7127771482337266,4.975353682724417e-06
20.362860054871224,0.13404986357818416,-0.9982325437595136,3.7292039844889064e-06
20.382860054871223,0.12321468107256806,-0.7568942508369219,4.795540967970566e-06
20.402860054871223,0.11880285925917633,-0.8504979298450053,4.35230854660097e-06
20.422860054871222,0.11977708446283941,-0.679043569136411,5.278765534311805e-06
20.442860054871222,0.11833406739606289,-1.1471746660536155,3.3305796879562892e-06
20.46286005487122,0.10106854034893331,-0.7523933521588333,4.936354751520407e-06
20.48286005487122,0.09030644916492747,-0.5495876254281029,6.580931325523123e-06
20.50286005487122,0.09811575973617437,-1.4543562300968915,2.711289750096773e-06
20.52286005487122,0.09386311309572193,-0.930355919059366,4.107821068335889e-06
20.54286005487122,0.08715214386756998,-0.667985123116523,5.569087183258155e-06
20.56286005487122,0.07933806679261579,-1.4703959475737065,2.71242204837202e-06
20.58286005487122,0.07564612229816703,-0.6287585366517305,5.964828157548608e-06
20.60286005487122,0.06965299037256045,-0.8226952883414924,4.706422236311663e-06
20.622860054871218,0.06394931220165745,-1.4013637896860018,2.8648348888297048e-06
16.55350269543958,1.8144853367448377,-0.05192674537829589,2.489540229298531e-06
16.57350269543958,1.5671219296636991,-0.0938240789109841,2.7959683079216556e-06
16.59350269543958,1.606640119876829,-0.10593984891602304,2.710126803894645e-06
16.61350269543958,1.6076096478209365,-0.07845122440630803,2.751209183507648e-06
16.633502695439578,1.420676483772695,-0.09207943414367037,3.0647038682715394e-06
16.653502695439578,1.5938363593013491,-0.10931491335395549,2.720579067315725e-06
16.673502695439577,1.3962846326976432,-0.1069675350736361,3.080638353204113e-06
16.693502695439577,1.366802501375787,-0.12702456646366045,3.098349860182162e-06
16.713502695439576,1.5628727934672497,-0.12872774374045548,2.7345752412298974e-06
16.733502695439576,1.344210361596197,-0.10633333028090419,3.1872588486237514e-06
16.753502695439575,1.31603003985947,-0.10951078107609646,3.2413639329441944e-06
16.773502695439575,1.3166876697578118,-0.16166958968096878,3.123830788134929e-06
16.793502695439575,1.4533979483239818,-0.15665560453999205,2.866709684126899e-06
16.813502695439574,1.4261442666538642,-0.11672257567988709,2.989900816640616e-06
16.833502695439574,1.3150623751571402,-0.16623535060716677,3.112469326043543e-06
16.853502695439573,1.3821094508202805,-0.1439491800920223,3.0195076854990827e-06
16.873502695439573,1.3165348340990022,-0.1849153953953646,3.067311148782386e-06
16.893502695439572,1.3289200970612,-0.1858436305919895,3.0386812902832884e-06
16.913502695439572,1.3750005083493306,-0.17722925810085144,2.9637212203840443e-06
16.93350269543957,1.51371037599165,-0.20195186435012147,2.6799219150565678e-06
16.95350269543957,1.2033197604760062,-0.1667110867856536,3.354160489901456e-06
16.97350269543957,1.418072886459413,-0.21600332611706108,2.8106395328867517e-06
16.99350269543957,1.3241390833863989,-0.14253983623348176,3.129732340380494e-06
17.01350269543957,1.2755215548968408,-0.17208005106658675,3.1692369169773606e-06
17.03350269543957,1.3840256498660892,-0.267120949778473,2.777033994696771e-06
17.05350269543957,1.0369621742283925,-0.15166552117443644,3.855556200988431e-06
17.07350269543957,1.1442561049479991,-0.22652773366280599,3.3414025505538346e-06
17.093502695439568,1.3124145105248317,-0.235302119742812,2.9578209558827877e-06
17.113502695439568,1.1765830404183362,-0.2382406205906591,3.2338795267796436e-06
17.133502695439567,1.284847572533181,-0.2323716383325518,3.0139784124803705e-06
17.153502695439567,1.1012174534844235,-0.2594378934954875,3.3589861828213573e-06
17.173502695439566,1.3357897959649563,-0.2695352937298594,2.8455041737256136e-06
17.193502695439566,1.0754835250263568,-0.23548078404564876,3.4825363789156957e-06
17.213502695439566,1.2654694249577005,-0.25674863416770677,2.9976139052056243e-06
17.233502695439565,1.0699190580635332,-0.24032623851235257,3.480677239868375e-06
17.253502695439565,1.2308098720095586,-0.31259470149234403,2.953284157000547e-06
17.273502695439564,1.2176276975951623,-0.22459302077186294,3.1587981617571083e-06
17.293502695439564,1.1222026526811533,-0.35069336043670774,3.091358843562023e-06
17.313502695439563,1.15871357787546,-0.228515469818376,3.2804987025333406e-06
17.333502695439563,1.1703201092459494,-0.264441252395045,3.1701192457170877e-06
17.353502695439563,1.2143901078088675,-0.3359998345695203,2.9321235274388674e-06
17.373502695439562,1.1227073632617248,-0.2637477160387789,3.2770792418550276e-06
17.39350269543956,1.0909299081249628,-0.31030902509519365,3.2407828227865066e-06
17.41350269543956,1.0740540220285766,-0.30555775709035515,3.2898181279520926e-06
17.43350269543956,1.1039440165259293,-0.3014126512571238,3.227843628225085e-06
17.45350269543956,1.1107886655954644,-0.35996901779435575,3.0826803092457333e-06
17.47350269543956,1.1136698312766384,-0.2986913357672165,3.208406303870404e-06
17.49350269543956,1.1426390132692177,-0.38406183710321784,2.966577149366925e-06
17.51350269543956,0.9845288176438771,-0.22677058025146835,3.7370338707853188e-06
17.53350269543956,1.0967620600713417,-0.4491734686016571,2.926560878782064e-06
17.55350269543956,1.0824440495343879,-0.2805594301316887,3.3176026719527065e-06
17.573502695439558,1.020439041123609,-0.27151772304205224,3.498199844618584e-06
17.593502695439557,1.0034825364127755,-0.38885847467554413,3.2442699363059786e-06
17.613502695439557,1.0496659268683288,-0.2618047929718159,3.442516808224076e-06
17.633502695439557,0.8800750789814629,-0.35168834784417413,3.6633522626970257e-06
17.653502695439556,1.0928741862880997,-0.2711491830414161,3.3064115739591837e-06
17.673502695439556,0.957582786140847,-0.4614818884001579,3.1765038565009264e-06
17.693502695439555,1.0773884357477073,-0.4597412538714707,2.930984727833315e-06
17.713502695439555,0.9524657631263835,-0.2387712667696178,3.780077178628751e-06
17.733502695439554,1.0634768112795427,-0.34914603881770745,3.185996664875238e-06
17.753502695439554,0.9353035767562687,-0.4919363217195496,3.1517138418921116e-06
17.773502695439554,1.0584921573463362,-0.2178458321141079,3.5225275414536166e-06
17.793502695439553,0.9071330657025101,-0.440352314239135,3.3347943198811998e-06
17.813502695439553,0.9192392777913483,-0.45551559774321504,3.2669564136893044e-06
17.833502695439552,0.888382933990215,-0.3591247075237334,3.598293306857662e-06
17.853502695439552,0.9864286256197374,-0.4511192558129551,3.1209979525828476e-06
17.87350269543955,0.9814914118906017,-0.3529197529423982,3.3604920290896314e-06
17.89350269543955,0.9290135597548215,-0.3771929975846433,3.431283222656696e-06
17.91350269543955,0.837638412573142,-0.5413808250159491,3.248427672468979e-06
17.93350269543955,0.9086330236459617,-0.46765714608773123,3.253198445058051e-06
17.95350269543955,0.9243383466327941,-0.5181573153822683,3.102279530251199e-06
17.97350269543955,0.849788077553967,-0.41023544160998426,3.5497151054456606e-06
17.99350269543955,0.911436401285755,-0.2983113279915415,3.695337304655503e-06
18.01350269543955,0.9744055044138804,-0.6119459233887028,2.816616706540682e-06
18.033502695439548,0.8347278623714374,-0.43981341741164215,3.503877450541619e-06
18.053502695439548,0.9450194413366262,-0.46974764720289386,3.1549673992614815e-06
18.073502695439547,0.7913001404958777,-0.3399046457197983,3.943845711291699e-06
18.093502695439547,0.7631092411465943,-0.5454180309316143,3.4076472788159676e-06
18.113502695439546,0.8841767280828208,-0.4138504255679436,3.4334614314013896e-06
18.133502695439546,0.7565811106178444,-0.35996870300732553,3.9894762276909704e-06
18.153502695439546,0.82040742044137,-0.47269190712540876,3.4430341504060175e-06
18.173502695439545,0.7908675923190458,-0.42224869833444245,3.6681708080997943e-06
18.193502695439545,0.7991562649003754,-0.593537270266097,3.193566592966546e-06
18.213502695439544,0.8202365829492919,-0.35944593540625647,3.7683021382131502e-06
18.233502695439544,0.7102718855021521,-0.5879887523478828,3.4223930906378338e-06
18.253502695439543,0.7974353281897493,-0.38885917369043455,3.7435031251983764e-06
18.273502695439543,0.7475797118386254,-0.5181764644185023,3.5067209708320496e-06
18.293502695439543,0.7394840658380417,-0.40562760562170297,3.874222710017985e-06
18.313502695439542,0.7269534813531209,-0.449380492354976,3.769482629408257e-06
18.33350269543954,0.7826845172749017,-0.6078994977287948,3.1871042509353166e-06
18.35350269543954,0.7916259535995778,-0.48652477060386445,3.465714249794201e-06
18.37350269543954,0.7075224791333312,-0.5663757233705837,3.475556047884355e-06
18.39350269543954,0.6753500464255922,-0.6301319539197721,3.389756430835237e-06
18.41350269543954,0.7820399451302364,-0.21207027207128704,4.44924947851841e-06
18.43350269543954,0.5750959008000791,-0.7139831453678198,3.4294558069261585e-06
18.45350269543954,0.6882263683364727,-0.6330778853152879,3.344122458547775e-06
18.47350269543954,0.7487573079415597,-0.3758196090348065,3.9271744533687505e-06
18.49350269543954,0.6955845194606809,-0.6338386932620779,3.3203931800874018e-06
18.513502695439538,0.7655899887613486,-0.500886840512976,3.4836767974250392e-06
18.533502695439537,0.621214993938338,-0.42688528378494084,4.207425028964075e-06
18.553502695439537,0.6909276713558938,-0.6855904096155427,3.201995715527766e-06
18.573502695439537,0.6239716407872038,-0.6695067259424832,3.4058631359077627e-06
18.593502695439536,0.6938165571918944,-0.42402112449053675,3.939055229269484e-06
18.613502695439536,0.6235872381730587,-0.48028323084145086,3.986930375850157e-06
18.633502695439535,0.537804642226547,-0.7413036457728595,3.438987899184574e-06
18.653502695439535,0.5877994361217134,-0.5019385878695175,4.034632447964474e-06
18.673502695439534,0.7188624661648646,-0.4364710570371244,3.803697623403716e-06
18.693502695439534,0.5789016119088046,-0.38658083346672356,4.549381361044616e-06
18.713502695439534,0.5636594461393543,-0.7334668369148858,3.3845377148074614e-06
18.733502695439533,0.5693277691607364,-0.5952897911338368,3.7677689190524226e-06
18.753502695439533,0.5932769268765696,-0.5511426280427258,3.832377385568246e-06
18.773502695439532,0.6460045070271008,-0.5408675210783258,3.693491563599993e-06
18.793502695439532,0.6125553387610125,-0.5692631401761901,3.7074528559650605e-06
18.81350269543953,0.5687823639173075,-0.5900453229260165,3.7791614698864217e-06
18.83350269543953,0.5927071865662583,-0.5366022115049418,3.876047236136289e-06
18.85350269543953,0.5759605328894395,-0.713164558117569,3.393850626195131e-06
18.87350269543953,0.5476717236488184,-0.5959681867389008,3.823738447542857e-06
18.89350269543953,0.5497020633010834,-0.5618010277685244,3.932346927628046e-06
18.91350269543953,0.5277947431823122,-0.7203858654102078,3.500062926281978e-06
18.93350269543953,0.625420602678787,-0.6437049525375187,3.440613316875016e-06
18.95350269543953,0.5458236016929732,-0.85452857328346,3.1166760603454778e-06
18.973502695439528,0.5174788469048508,-0.3141874873545021,5.245297193879592e-06
18.993502695439528,0.5035155389923602,-0.9036981092067435,3.098470245744806e-06
19.013502695439527,0.508056905673584,-0.7058652595733292,3.5900845536150644e-06
19.033502695439527,0.49528069216466974,-0.5189784057438374,4.294730905037177e-06
19.053502695439526,0.4904720666781941,-0.8763872621348128,3.1853100892883214e-06
19.073502695439526,0.48600104607248795,-0.5046809208579361,4.39269537776973e-06
19.093502695439525,0.495854851358672,-0.6535143071087077,3.7843722280659747e-06
19.113502695439525,0.41930632531875744,-0.9793009651475586,3.1084943025707184e-06
19.133502695439525,0.47274904036021326,-0.5942504695267417,4.072613156023679e-06
19.153502695439524,0.4637705379700492,-0.571163594519021,4.196772663469365e-06
19.173502695439524,0.45342497622186784,-0.7839474286301993,3.5084645808692195e-06
19.193502695439523,0.5147067912039347,-0.8443180561298504,3.192863911800105e-06
19.213502695439523,0.4247733782976866,-0.5815206589759327,4.309993027452265e-06
19.233502695439523,0.44578476974129444,-0.4883523542666808,4.6406988428954054e-06
19.253502695439522,0.461847290462174,-0.6808275649732423,3.7919448978004277e-06
19.27350269543952,0.40019065828528255,-0.6348778437240981,4.1841403050701795e-06
19.29350269543952,0.41938596922682336,-0.5412018620991148,4.506422378502017e-06
19.31350269543952,0.4374708481336711,-0.7530670978267153,3.6342738442112056e-06
19.33350269543952,0.40654135147633497,-1.0134592006215826,3.0455484492096836e-06
19.35350269543952,0.45536104559141677,-0.4143250666093081,4.970328741252992e-06
19.37350269543952,0.3840036953188246,-0.8545303595019504,3.4884490771498287e-06
19.39350269543952,0.41006744481637725,-0.4719409180106595,4.896220200546904e-06
19.41350269543952,0.3788238940633164,-0.8945004956476623,3.3899051076317247e-06
19.43350269543952,0.39979515947197797,-0.6950517763616517,3.9406522235899324e-06
19.453502695439518,0.3830742883246785,-0.6064937732880935,4.357837350707566e-06
19.473502695439517,0.33298906858544797,-0.8018352703657001,3.7982142273063303e-06
19.493502695439517,0.39263799507170916,-0.9097516596666537,3.307986376936314e-06
19.513502695439517,0.36836997988211806,-0.6986843892373145,4.035629689824019e-06
19.533502695439516,0.3607119060616242,-0.6383371791744139,4.308324746573683e-06
19.553502695439516,0.35148231277889863,-0.47519723302684724,5.204187489135944e-06
19.573502695439515,0.3258980671816971,-0.8179023680859245,3.759529945544175e-06
19.593502695439515,0.3425008118538244,-1.5758693327661604,2.2404991629830187e-06
19.613502695439514,0.3154164599327487,-0.47730520472396165,5.4194378062025276e-06
19.633502695439514,0.35680212486477103,-0.7069326330674812,4.036809919864792e-06
19.653502695439514,0.3076818309200462,-0.8997607204364613,3.554698539856241e-06
19.673502695439513,0.3035586354890256,-0.5871333215618506,4.8165546259898e-06
19.693502695439513,0.33236282486177515,-0.5994581618797383,4.601806288711521e-06
19.713502695439512,0.3244740901864134,-0.8401229872542899,3.6802890315389263e-06
19.733502695439512,0.26888784166658297,-0.4524739186745137,5.938830043298075e-06
19.75350269543951,0.31445583373715635,-1.546472238842398,2.3010273199384458e-06
19.77350269543951,0.28876458131344407,-0.568801635527052,4.990936575504803e-06
19.79350269543951,0.2648866449308116,-0.508782664895989,5.529556750940219e-06
19.81350269543951,0.2610827211756259,-0.8604164911375847,3.8128204081463542e-06
19.83350269543951,0.2714450710532219,-0.6919577768876479,4.436441069442232e-06
19.85350269543951,0.26790096464173985,-0.7737757301074453,4.10117350708417e-06
19.87350269543951,0.27204005884414073,-0.8089343877072679,3.9502511374357444e-06
19.89350269543951,0.26988924501347356,-0.3479879917576909,6.907740200135946e-06
19.913502695439508,0.24749558269286354,-0.9994001089362428,3.421416626736895e-06
19.933502695439508,0.22765469695150387,-1.1315776843111962,3.137210043843152e-06
19.953502695439507,0.24761179135384737,-0.5031565332319587,5.677132058229366e-06
19.973502695439507,0.21145667467499152,-0.8557885427144356,3.991810318027849e-06
19.993502695439506,0.21765850668452913,-0.9126558454008773,3.767347067878861e-06
20.013502695439506,0.21884135688378592,-0.8915799595924909,3.833070428390144e-06
20.033502695439505,0.21660208353478083,-0.4592605773359537,6.294709109412584e-06
20.053502695439505,0.22820108636369696,-1.0336716717574745,3.3699203711850674e-06
20.073502695439505,0.2071273109431786,-0.8852366285864264,3.891071344657514e-06
20.093502695439504,0.21108928785542957,-0.8320920574478805,4.072641967247956e-06
20.113502695439504,0.18357202006154694,-0.7210319660807727,4.694388897531561e-06
20.133502695439503,0.19166148386375426,-0.4348208087030798,6.775312618791605e-06
20.153502695439503,0.1900329995987704,-1.6656094354111701,2.2863585724922023e-06
20.173502695439502,0.17604543697416375,-0.6675660349428654,5.026871880573854e-06
20.193502695439502,0.17853186404863663,-1.344293630681932,2.7835131517079714e-06
20.2135026954395,0.16870395656349046,-0.839585954323411,4.202027314078501e-06
20.2335026954395,0.1641776791693701,-0.8298685885965824,4.260300646675419e-06
20.2535026954395,0.16255801104125567,-0.9673647598247044,3.7462659790565805e-06
20.2735026954395,0.1672288228146499,-1.1284270414034836,3.265595059387222e-06
20.2935026954395,0.14041127281234367,-0.2831201902590692,9.985446871854565e-06
20.3135026954395,0.14370643311485765,-1.2314455236773938,3.074017044234777e-06
20.3335026954395,0.13535786005013506,-0.6237819152884185,5.565919431238854e-06
20.3535026954395,0.13411137809180218,-0.691926425206475,5.112849893756025e-06
20.373502695439498,0.12822379146564344,-0.9168399308400694,4.039455759678237e-06
20.393502695439498,0.12254045838062666,-0.5057949707843363,6.715495099368584e-06
20.413502695439497,0.11645995883702653,-1.1620431230403483,3.2989300093419233e-06
20.433502695439497,0.11643089394783601,-0.48279434023424983,7.035377569676452e-06
20.453502695439497,0.10093569876335096,-1.394646296510473,2.8175565090715934e-06
20.473502695439496,0.09643675554616493,-0.47792074200697243,7.333385041379773e-06
20.493502695439496,0.10112412491253053,-0.9422847219975665,4.034926545535322e-06
20.513502695439495,0.09039014351947117,-1.1408356413594447,3.4178888369408356e-06
20.533502695439495,0.0915100491092744,-0.5559622901491821,6.496506782332116e-06
20.553502695439494,0.0854688969302515,-0.8850041971891187,4.332342957533324e-06
20.573502695439494,0.0780339067996465,-0.8777295556210447,4.397044740200805e-06
20.593502695439494,0.06830667949907365,-0.811315517872572,4.775519831309658e-06
20.613502695439493,0.07280869497117237,-1.5444771676557139,2.596184116484329e-06
20.633502695439493,0.0678513167949859,-1.031375697668409,3.818038317258485e-06
16.546721070922388,1.641942037444096,-0.05954707093042089,2.7313760275369513e-06
16.566721070922387,1.8126467715774197,-0.07805428535721148,2.4566524116946945e-06
16.586721070922387,1.4670389959064778,-0.07836547038186836,3.0038811906888723e-06
16.606721070922386,1.7232461965177208,-0.08154962413391331,2.570714410134739e-06
16.626721070922386,1.4633205038262531,-0.10885353251796914,2.9494383059822508e-06
16.646721070922386,1.4541038187162485,-0.10744020867423387,2.9678442826848017e-06
16.666721070922385,1.4323672397003975,-0.10638096034199407,3.0101222005859827e-06
16.686721070922385,1.389815410017036,-0.10138756485685008,3.104396023992439e-06
16.706721070922384,1.5649670101702213,-0.10446110018528998,2.7714267611925956e-06
16.726721070922384,1.3690379311447032,-0.1592353175219614,3.0257238359683516e-06
16.746721070922383,1.482362351322081,-0.11595561552530853,2.891505180094025e-06
16.766721070922383,1.261077068047598,-0.13051556993468694,3.319224803855552e-06
16.786721070922383,1.429237470641965,-0.1313276477958425,2.9581818862296e-06
16.806721070922382,1.3474132842675317,-0.17489883680536877,3.0308499357084438e-06
16.826721070922382,1.538746694859583,-0.14393297459901078,2.740476349093819e-06
16.84672107092238,1.4026426056152559,-0.1220935469318647,3.022697889293843e-06
16.86672107092238,1.3028614990180358,-0.19548751813999843,3.0742397139382903e-06
16.88672107092238,1.358009364666941,-0.18801847605209332,2.977790439643018e-06
16.90672107092238,1.3309913708471868,-0.17420503510948038,3.0568793214843713e-06
16.92672107092238,1.2192363886279054,-0.20956414281954494,3.2185690215646145e-06
16.94672107092238,1.3644049259310123,-0.17304901576790144,2.989483396829648e-06
16.96672107092238,1.3284013841839624,-0.17311746322911858,3.0593530076354697e-06
16.98672107092238,1.2806088882935,-0.2378099665947957,3.0236285803522485e-06
17.006721070922378,1.285284825724375,-0.14123413796187378,3.2166701052625937e-06
17.026721070922378,1.2210656650131568,-0.20193289095186628,3.2228689818858217e-06
17.046721070922377,1.169365054112859,-0.20879411918622282,3.325903258437448e-06
17.066721070922377,1.369738589739427,-0.20769302079861518,2.90419681042635e-06
17.086721070922376,1.2140911758324364,-0.23940940370812314,3.1501073451657643e-06
17.106721070922376,1.2486029045539908,-0.2142482361086877,3.128281073379126e-06
17.126721070922375,1.1013010985334404,-0.22644561441848055,3.444726880067657e-06
17.146721070922375,1.2124868696992053,-0.22387975199671928,3.1825054747517203e-06
17.166721070922375,1.4677115501835942,-0.30305139906704426,2.580125900878817e-06
17.186721070922374,1.2323885108489776,-0.1827969154692255,3.226654821574469e-06
17.206721070922374,1.1948885233141482,-0.24184279843757395,3.176542370521252e-06
17.226721070922373,1.0768092252546921,-0.27567008885671385,3.3726273936983023e-06
17.246721070922373,1.1909374994102109,-0.22329772530065384,3.223620891774162e-06
17.266721070922372,1.2849130178365158,-0.2457978266356804,2.9767251403257277e-06
17.286721070922372,1.1175619149580598,-0.3168766607559519,3.1747970022407035e-06
17.30672107092237,1.2767974924645387,-0.19377445432473905,3.0951351855992837e-06
17.32672107092237,1.1411361323625897,-0.34211313688138034,3.0670567917042565e-06
17.34672107092237,1.1660096767736832,-0.2919701963146508,3.118538505766832e-06
17.36672107092237,1.0265003300155513,-0.2583165755204391,3.536952405984702e-06
17.38672107092237,1.2760014776140451,-0.3217743572895415,2.842641831620103e-06
17.40672107092237,0.9899836810072884,-0.33492741016380023,3.4262772028509206e-06
17.42672107092237,1.1853817190858535,-0.32654094954341417,3.000874296878717e-06
17.44672107092237,0.9832846435601823,-0.3380520584396436,3.431867868196265e-06
17.466721070922368,1.0734179349819897,-0.21666904108133167,3.5131854160177146e-06
17.486721070922368,0.9231794363586232,-0.3800573687913129,3.475872203436737e-06
17.506721070922367,1.1320390615237557,-0.24832719560072292,3.279905642143688e-06
17.526721070922367,0.9457777495845221,-0.4796316233696416,3.1746029699659036e-06
17.546721070922366,1.0111527857625333,-0.29645759468257893,3.4587522757692262e-06
17.566721070922366,1.1674370397231542,-0.2508016480715014,3.187275761302249e-06
17.586721070922366,0.9400356020196341,-0.3722141640755581,3.4428771744787995e-06
17.606721070922365,0.9328761912183836,-0.3957405309920432,3.398705807787788e-06
17.626721070922365,1.0708953152352478,-0.31431415011320496,3.2581397278265093e-06
17.646721070922364,0.994831436102686,-0.36234915476234164,3.323681562268936e-06
17.666721070922364,1.0739821113238577,-0.25028173776809126,3.4045008566136804e-06
17.686721070922363,0.9443418482260313,-0.3643174970493419,3.4433069298029036e-06
17.706721070922363,0.9859459569124738,-0.3741212883978733,3.3114231145576987e-06
17.726721070922363,1.0557779014343396,-0.37013764401490334,3.1568441158324572e-06
17.746721070922362,0.8459760036785156,-0.3491466552732163,3.764514882026255e-06
17.76672107092236,0.9112911372503731,-0.37281173425617453,3.501821047974045e-06
17.78672107092236,0.9568259827574366,-0.34172148900688626,3.461084377223247e-06
17.80672107092236,1.008116136159515,-0.18040033266879618,3.7795368704935654e-06
17.82672107092236,1.0352655382012017,-0.4738300999160856,2.97508720582308e-06
17.84672107092236,0.8855261603021063,-0.31074109955807216,3.751160670523331e-06
17.86672107092236,1.011791227356298,-0.4856761292612646,2.9951093282254487e-06
17.88672107092236,0.9720219105292927,-0.4245426853594836,3.20982527453399e-06
17.90672107092236,0.9011370611115126,-0.445628157525789,3.3268045911957776e-06
17.92672107092236,0.8416739600361325,-0.3294265406439081,3.823862418803834e-06
17.946721070922358,0.9166914679735783,-0.47396896275859035,3.2184659168202745e-06
17.966721070922357,0.8553280660416931,-0.3359179586987011,3.7552934599203555e-06
17.986721070922357,0.9329221566149499,-0.42570675667229807,3.290975881081584e-06
18.006721070922357,0.9636861126346048,-0.40896661147417035,3.255691540378347e-06
18.026721070922356,0.8859310192310659,-0.4206169040699024,3.4186530872864125e-06
18.046721070922356,0.7865730557532515,-0.40613724399736384,3.7430144969058285e-06
18.066721070922355,0.8041651670791907,-0.492782290566538,3.4404160167039845e-06
18.086721070922355,0.7886928470397834,-0.5959701246174518,3.2208299018725503e-06
18.106721070922354,0.8364233729298576,-0.3980735508375801,3.6107776842063425e-06
18.126721070922354,0.8969669154903386,-0.5153924004116561,3.154443705936811e-06
18.146721070922354,0.7135444798623212,-0.38771219542832114,4.04351879275073e-06
18.166721070922353,0.8448010611900827,-0.5477264660585206,3.19612854272912e-06
18.186721070922353,0.8369076752278488,-0.44541586317063775,3.4690491020968965e-06
18.206721070922352,0.855367061245488,-0.4546348455478437,3.3940158034149524e-06
18.226721070922352,0.7676207269541919,-0.21315574017353356,4.530987569367299e-06
18.24672107092235,0.8174723648025974,-0.5950112498831004,3.14458589155615e-06
18.26672107092235,0.7469729054428171,-0.46348770246549975,3.6675419610220073e-06
18.28672107092235,0.8015467725126655,-0.5726430240756599,3.228945250642933e-06
18.30672107092235,0.7149794069991913,-0.4328633359982632,3.863709635422876e-06
18.32672107092235,0.768965097418004,-0.4489501181524247,3.6395896586777033e-06
18.34672107092235,0.7462383851780032,-0.23547764029353857,4.51298062164926e-06
18.36672107092235,0.7091625547618605,-0.584288878395455,3.42357774788198e-06
18.38672107092235,0.7482426609531103,-0.5936809731065296,3.298265727687813e-06
18.406721070922348,0.7400513232132653,-0.4047695085464511,3.864184604641726e-06
18.426721070922348,0.7197957142343512,-0.6322578740073368,3.270260074604711e-06
18.446721070922347,0.6886480769317131,-0.6084782087855274,3.4070410984225716e-06
18.466721070922347,0.7049334845942212,-0.48391174207790755,3.715501522565788e-06
18.486721070922346,0.7502715421142057,-0.7041144004906528,3.0356024633595036e-06
18.506721070922346,0.645763684384292,-0.57149626253522,3.6251416456539484e-06
18.526721070922346,0.7080533312400803,-0.5718522543520521,3.4459977436051988e-06
18.546721070922345,0.6765974502486642,-0.40355352556798607,4.081251098052757e-06
18.566721070922345,0.6481511692982167,-0.7893250675988384,3.0652032053190023e-06
18.586721070922344,0.6283484302657598,-0.3381210067309439,4.556758200586428e-06
18.606721070922344,0.7175183924264275,-0.4763169885845855,3.6870900222224544e-06
18.626721070922343,0.6030770836223383,-0.6867370592080988,3.4110354816196693e-06
18.646721070922343,0.6345716696705495,-0.6177712443059136,3.511358376909005e-06
18.666721070922343,0.5806197678903118,-0.44578531675506383,4.2821775583223904e-06
18.686721070922342,0.6147600563385822,-0.5144794457155513,3.89029033544847e-06
18.70672107092234,0.6447367259534076,-0.61587987612711,3.4831474959351292e-06
18.72672107092234,0.5883440665929811,-0.6992871430702507,3.408395160516036e-06
18.74672107092234,0.6058310278749559,-0.5159738429647405,3.910294499395375e-06
18.76672107092234,0.5801990344334627,-0.6204211936856154,3.651813316050561e-06
18.78672107092234,0.6291723981266841,-0.46401832555420697,4.0087021397789566e-06
18.80672107092234,0.6220910431002267,-0.6815707874775399,3.3598626649030806e-06
18.82672107092234,0.5269412139896303,-0.5100799562642351,4.221690548113643e-06
18.84672107092234,0.6122457240853691,-0.9793583472492173,2.7493185295571616e-06
18.86672107092234,0.4764745497959666,-0.3417077260091901,5.3455904233244625e-06
18.886721070922338,0.5140655854193028,-0.6077597920084372,3.896830043556432e-06
18.906721070922337,0.5935011210967787,-0.4919641859596595,4.025395943527948e-06
18.926721070922337,0.5269205484655686,-0.8890054267831147,3.084412048357449e-06
18.946721070922337,0.5055300015665125,-0.48916967975674197,4.388411338177783e-06
18.966721070922336,0.5652472567162476,-0.631236466622795,3.646552265262504e-06
18.986721070922336,0.5557374806376174,-1.1268145819194615,2.5918514074003134e-06
19.006721070922335,0.5551423577271635,-0.6038875975646079,3.7607410021580027e-06
19.026721070922335,0.44234908145153895,-0.653873122704681,3.974274242409526e-06
19.046721070922334,0.46876200145925395,-0.41796580847585574,4.910832874316955e-06
19.066721070922334,0.46418518148129806,-0.5508293317398056,4.288103953924718e-06
19.086721070922334,0.5476642652356531,-0.6375546218114323,3.6705170210397204e-06
19.106721070922333,0.437153772887541,-0.8099032759200782,3.4868249674781317e-06
19.126721070922333,0.5154986808338435,-0.6569274152861908,3.706992658808016e-06
19.146721070922332,0.5019107235275442,-0.5311699905432761,4.204978964409548e-06
19.166721070922332,0.46899012325593503,-0.7310306821018457,3.6182536862561217e-06
19.18672107092233,0.4127058850717731,-0.6346298214630224,4.143753985013767e-06
19.20672107092233,0.4865102183102863,-0.6517564099049196,3.8108849906236553e-06
19.22672107092233,0.4299269781477051,-0.5435234389733523,4.453988181634425e-06
19.24672107092233,0.427228476095479,-0.7425577117246576,3.704653083631344e-06
19.26672107092233,0.4434423660313769,-0.6177935192827135,4.081650352499014e-06
19.28672107092233,0.43459295824868605,-0.6740626609825995,3.905195502484756e-06
19.30672107092233,0.41500577255101234,-0.5658924272138393,4.411720693402753e-06
19.32672107092233,0.40499278927745763,-1.0238586743362248,3.0271694467744527e-06
19.346721070922328,0.41693006934656296,-0.7124108244897798,3.828167525576426e-06
19.366721070922328,0.4057285976377898,-0.7333848398120608,3.79352967373824e-06
19.386721070922327,0.42200924309145194,-0.47313587192911655,4.825144927557486e-06
19.406721070922327,0.39622352326477994,-0.6799572840682231,4.011540094327953e-06
19.426721070922326,0.3679060511785792,-0.7090638042427599,4.00670457965117e-06
19.446721070922326,0.39053385369425087,-0.8979192411643453,3.347464480628827e-06
19.466721070922326,0.37577916574809933,-0.5814325971005019,4.503727904893466e-06
19.486721070922325,0.35927112746503553,-0.745729950722307,3.899519818169643e-06
19.506721070922325,0.37715517230208206,-0.5399678982794285,4.696132124116498e-06
19.526721070922324,0.36688757681986317,-0.5516927123535424,4.686462024960446e-06
19.546721070922324,0.3584302865056088,-0.7953098253055941,3.729501143014632e-06
19.566721070922323,0.35758546322904294,-0.4562983229989186,5.284342482983326e-06
19.586721070922323,0.33716986486274436,-0.936825864831917,3.374272638212416e-06
19.606721070922323,0.3338492493603553,-0.5731697924202308,4.737279717660004e-06
19.626721070922322,0.34202383787487634,-0.5286686646286398,4.932599799842894e-06
19.64672107092232,0.2994641424884321,-0.9647339630173519,3.395649695642767e-06
19.66672107092232,0.344146827046643,-0.6046038367785513,4.522526838143723e-06
19.68672107092232,0.2962869802577188,-0.9048798063304275,3.5704797409725918e-06
19.70672107092232,0.30629073593445355,-1.1336218500509858,2.97707959694973e-06
19.72672107092232,0.2810129907738883,-0.5900659956241725,4.918876218950985e-06
19.74672107092232,0.30548826284575625,-0.6854635591153055,4.321834331092844e-06
19.76672107092232,0.29745501180150313,-0.7561931248055771,4.062777494414294e-06
19.78672107092232,0.27233087742934003,-0.9111422345158644,3.6154008314243265e-06
19.80672107092232,0.2863855233081267,-0.901352169807069,3.6007511938080413e-06
19.826721070922318,0.26605773237861285,-0.6635599819710478,4.59839227169127e-06
19.846721070922317,0.26480872750107665,-0.8882172910380177,3.7057077638376455e-06
19.866721070922317,0.24608457097201608,-0.8483793532650452,3.902165746113452e-06
19.886721070922317,0.284640881116502,-0.9529396711150184,3.4493162582502814e-06
19.906721070922316,0.24334560964052798,-0.6377603041473776,4.842575646867957e-06
19.926721070922316,0.24530681648138852,-1.094036589958705,3.184289440837015e-06
19.946721070922315,0.2664143162983237,-0.7835001699859276,4.060224202811556e-06
19.966721070922315,0.21582992995536188,-1.1714389853877947,3.0714415817695005e-06
19.986721070922314,0.23377306260954356,-0.8641891339211725,3.878957164542175e-06
20.006721070922314,0.1982621285278583,-0.6330301886191592,5.120932306521877e-06
20.026721070922314,0.2116261265691719,-0.8343346517649479,4.0680489663956845e-06
20.046721070922313,0.21029461874059052,-0.6502017308957875,4.942601371230796e-06
20.066721070922313,0.22936968150315806,-1.0646480980794877,3.2851997460713676e-06
20.086721070922312,0.21032871433271794,-0.6709061380242929,4.8218294556487865e-06
20.106721070922312,0.1943251596094342,-0.6433084333548322,5.07048749005948e-06
20.12672107092231,0.1910655767278513,-0.8878489264752716,3.934763807946093e-06
20.14672107092231,0.19230747309939034,-1.1530131590552628,3.154141539845121e-06
20.16672107092231,0.21006758880685084,-0.6805175328627229,4.7624796020072185e-06
20.18672107092231,0.17119343445301638,-0.4473280245438218,6.85418845913447e-06
20.20672107092231,0.15167260672023986,-1.1814539191545919,3.1786257404194716e-06
20.22672107092231,0.17018687927702558,-0.7002204842865467,4.8662007224238705e-06
20.24672107092231,0.18348384150885977,-1.0146912774653174,3.533419627032514e-06
20.26672107092231,0.15032328264351236,-0.5720042994944379,5.858471369027993e-06
20.286721070922308,0.14700273860580637,-1.0992007467430085,3.394159763573363e-06
20.306721070922308,0.16077802385552786,-0.7584378615720198,4.599451839709078e-06
20.326721070922307,0.142803779879614,-0.7239218214526772,4.875789667632144e-06
20.346721070922307,0.1160818323114654,-0.8424663315527141,4.406712975635605e-06
20.366721070922306,0.12347842369126738,-1.1998306843452156,3.19059648307791e-06
20.386721070922306,0.13173221395845758,-0.7250800041947514,4.925512051180924e-06
20.406721070922305,0.11474422549508745,-1.512397316750139,2.592477848985406e-06
20.426721070922305,0.1166331535714562,-0.6005797884427011,5.878899191687909e-06
20.446721070922305,0.1092520922602489,-0.9188055844570044,4.0994986481060964e-06
20.466721070922304,0.09730760823003948,-1.3081253723657937,2.9973745000431997e-06
20.486721070922304,0.10043849042722286,-1.0388830873416737,3.695820615710134e-06
20.506721070922303,0.0892537646159326,-0.9258247007383034,4.146316406574973e-06
20.526721070922303,0.09344911145581136,-0.8217959337634966,4.596519348741444e-06
20.546721070922302,0.0854027427139954,-1.171965482761152,3.344334623890002e-06
20.566721070922302,0.07217315525485901,-0.9157147560617886,4.254708343511613e-06
20.5867210709223,0.07976186978703481,-0.6224864544346929,5.982621276606373e-06
20.6067210709223,0.0733843372481715,-0.9263033562456258,4.200722398799923e-06
20.6267210709223,0.0641642648627112,-0.9407437302870676,4.177031186036398e-06
16.5527353668442,1.7425394773490552,-0.07544762553834516,2.555915441957045e-06
16.5727353668442,1.682027149858186,-0.07920646837305867,2.63682144418032e-06
16.5927353668442,1.7793752280413173,-0.0800649045649493,2.4961428944592148e-06
16.6127353668442,1.4481028945883736,-0.10233686969149858,2.9919251778739833e-06
16.632735366844198,1.5348331183195114,-0.09383357571277884,2.846646670811773e-06
16.652735366844198,1.5936298902961425,-0.11392747053832863,2.71360794010612e-06
16.672735366844197,1.45795244695546,-0.1007655614594114,2.9710722156134097e-06
16.692735366844197,1.1976222933735698,-0.10406681185486377,3.5557595765845046e-06
16.712735366844196,1.4537583989294944,-0.138835440389812,2.904657624483151e-06
16.732735366844196,1.4348481729830382,-0.11866985217784531,2.9760599754160545e-06
16.752735366844195,1.442009275633609,-0.11668656576512149,2.9645100006191667e-06
16.772735366844195,1.2650277281863964,-0.13372672625700943,3.3016879427604443e-06
16.792735366844195,1.4355252486129757,-0.13889208064210834,2.9316666769976435e-06
16.812735366844194,1.2920986198587343,-0.12070486966695171,3.2652332796254714e-06
16.832735366844194,1.4382219003382488,-0.14382081924486556,2.9143198406379566e-06
16.852735366844193,1.5077788634225726,-0.18517192857689224,2.7219097995512967e-06
16.872735366844193,1.3254135440802202,-0.1848582430393435,3.049459501053623e-06
16.892735366844192,1.3169860781199532,-0.18807064778957283,3.0583515292691185e-06
16.912735366844192,1.2485216879867949,-0.15467216903925873,3.278555820220978e-06
16.93273536684419,1.3938323491020128,-0.1350479157990776,3.00739288577423e-06
16.95273536684419,1.1737354174838401,-0.2083823408538592,3.3249164244301157e-06
16.97273536684419,1.214827797259204,-0.24668087039026432,3.142583734827077e-06
16.99273536684419,1.4612598428502679,-0.19443874558783136,2.772486652916743e-06
17.01273536684419,1.244464117102325,-0.13420816234429367,3.3277577769932493e-06
17.03273536684419,1.3694594159896951,-0.21362791087449295,2.8964901807389436e-06
17.05273536684419,1.2885034246428404,-0.19863883565949436,3.0816914036278165e-06
17.07273536684419,1.1670354654779658,-0.24437313272210304,3.245282839493143e-06
17.092735366844188,1.2679593530501734,-0.22437086225909297,3.0676236145805483e-06
17.112735366844188,1.204342311481014,-0.2192270883351739,3.214061901602726e-06
17.132735366844187,1.2718487751990324,-0.21400269687001128,3.0776948494741153e-06
17.152735366844187,1.3325334530964028,-0.22831273431074806,2.928217474512729e-06
17.172735366844186,1.1032428918988444,-0.20300614155712537,3.497056142522644e-06
17.192735366844186,1.253306712867925,-0.2523474630634155,3.032294376973484e-06
17.212735366844186,1.174729396312614,-0.23911010319716297,3.2274702777329254e-06
17.232735366844185,1.2633692505405634,-0.2560865877312608,3.001514423916168e-06
17.252735366844185,1.1050854014465585,-0.24142887938796775,3.3851946069207667e-06
17.272735366844184,1.3251372780650854,-0.23243806946265977,2.9249129280009737e-06
17.292735366844184,1.195509058656171,-0.292111558803299,3.0608235827181905e-06
17.312735366844183,1.1856134407571517,-0.26269579049403546,3.142209291016933e-06
17.332735366844183,1.098929790299735,-0.2881866452880786,3.2790835556770134e-06
17.352735366844183,1.18933038348041,-0.30896841098729055,3.034126858752819e-06
17.372735366844182,1.177819137199549,-0.26309231980121695,3.1532832097618133e-06
17.39273536684418,0.9483823186601512,-0.39095422730315477,3.3906188885449404e-06
17.41273536684418,1.1729028261688654,-0.16252002771943808,3.3987570992874456e-06
17.43273536684418,1.0282727862359025,-0.44639337266562507,3.0761890441351424e-06
17.45273536684418,1.0291207877744455,-0.1900278937537223,3.718952335570405e-06
17.47273536684418,1.1522518077981658,-0.3044540444971062,3.1108301097982542e-06
17.49273536684418,1.0219543470011558,-0.327731890771247,3.3557181488795057e-06
17.51273536684418,1.0843594306788873,-0.2812666942772921,3.3147842593912976e-06
17.53273536684418,1.155561042833142,-0.4350080631120363,2.844502467571002e-06
17.55273536684418,1.0182515377782693,-0.26905371734756045,3.5127558000550663e-06
17.572735366844178,0.9298848536564037,-0.4121349069173448,3.3677761579277336e-06
17.592735366844177,0.9899572402064223,-0.3617237134385505,3.3419369683574987e-06
17.612735366844177,1.0115419699650374,-0.4408939990098588,3.1084665260782378e-06
17.632735366844177,0.9461075271246955,-0.3426661771477484,3.501372009847966e-06
17.652735366844176,1.030587366913096,-0.33352551360439975,3.3062636518515285e-06
17.672735366844176,1.1253737709484994,-0.39896544502698816,2.957186797277912e-06
17.692735366844175,0.8256574650877155,-0.30713049636688083,3.97726400907264e-06
17.712735366844175,1.1302124746143818,-0.3318781766865868,3.079867620151597e-06
17.732735366844175,0.9183277238480514,-0.4053827740717679,3.400066688139252e-06
17.752735366844174,0.8784777071559802,-0.33497487258864567,3.70706840301892e-06
17.772735366844174,0.9117728349519894,-0.43717323456075974,3.3329699566246326e-06
17.792735366844173,1.0195399561489467,-0.331403373129433,3.3263200958647016e-06
17.812735366844173,0.9425521721714176,-0.44837175418797415,3.22903810991726e-06
17.832735366844172,0.8900986439548433,-0.3874613964362652,3.5137410375557104e-06
17.852735366844172,0.9485653731680941,-0.37144441611599177,3.398974051021387e-06
17.87273536684417,0.8582818427239545,-0.40925192717986647,3.5378724086102312e-06
17.89273536684417,0.8583242066961247,-0.4644488696940243,3.3883724446226226e-06
17.91273536684417,0.8830758139665704,-0.40973430447047576,3.4651049535210986e-06
17.93273536684417,0.8826331016316544,-0.6699394855531864,2.883866000372975e-06
17.95273536684417,0.9404985589790158,-0.3018823091988452,3.602063226289576e-06
17.97273536684417,0.8821195883210748,-0.45873869756178465,3.335793796725869e-06
17.99273536684417,0.7518528087530285,-0.44042923534289,3.749539044032779e-06
18.01273536684417,0.9993608942604624,-0.4277949172537774,3.1308559309780833e-06
18.032735366844168,0.8765532287943643,-0.3535454316297546,3.630548489326782e-06
18.052735366844168,0.8692119207807991,-0.37570029305061325,3.585518127570219e-06
18.072735366844167,0.8495613514969591,-0.3928639742116502,3.590843988448765e-06
18.092735366844167,0.8473571548674954,-0.4635706505869166,3.401462830755758e-06
18.112735366844166,0.7742925565689802,-0.5298984787368681,3.417304801754488e-06
18.132735366844166,0.917741205834318,-0.5310206496505998,3.0747250398249756e-06
18.152735366844166,0.7849491915185354,-0.4749716824153438,3.533757752029571e-06
18.172735366844165,0.8096224358887412,-0.6463963524147402,3.0562789003512726e-06
18.192735366844165,0.7848180537421285,-0.4112642224790761,3.718594957252093e-06
18.212735366844164,0.7774315642818692,-0.5446979148982791,3.3623725953098853e-06
18.232735366844164,0.8921555871493183,-0.5470085276756436,3.0873810929885894e-06
18.252735366844163,0.7083232600998599,-0.6209944225265644,3.34079107670544e-06
18.272735366844163,0.8427879321679939,-0.3715743898646906,3.6551914771985204e-06
18.292735366844163,0.7243639099178836,-0.5195894545759074,3.566457442666868e-06
18.312735366844162,0.9011171491583809,-0.54435872999602,3.0676927013971517e-06
18.33273536684416,0.6995041603804566,-0.5636497294763103,3.5086864248947423e-06
18.35273536684416,0.6634251969808247,-0.5036877056627418,3.795527486779134e-06
18.37273536684416,0.8062581620470155,-0.5096759302687133,3.364579929552235e-06
18.39273536684416,0.6947986147133633,-0.4395470348827075,3.901239440499317e-06
18.41273536684416,0.7202570651425049,-0.6257956928602653,3.28600621696287e-06
18.43273536684416,0.7420292163733393,-0.719718142558122,3.0243943862985757e-06
18.45273536684416,0.6189913633861579,-0.5468353394098813,3.790187333796296e-06
18.47273536684416,0.6832638441483141,-0.3591214977786876,4.23692265645685e-06
18.49273536684416,0.7411740035167895,-0.5175446999492124,3.5069758619866117e-06
18.512735366844158,0.7123874202188745,-0.5738762377004605,3.430149366012117e-06
18.532735366844157,0.6864149296779942,-0.7149039880605415,3.146952326693357e-06
18.552735366844157,0.6520582050579833,-0.5891944626928307,3.5509887602327044e-06
18.572735366844157,0.6793154535371286,-0.5455476488859858,3.5967295875035726e-06
18.592735366844156,0.6442813883768395,-0.5274240700309747,3.7580463852033026e-06
18.612735366844156,0.6315637724474072,-0.5754145985265495,3.64640956130243e-06
18.632735366844155,0.686919185827719,-0.5342395222105552,3.602267472007889e-06
18.652735366844155,0.6358326760746422,-0.4720918220700696,3.96848921967241e-06
18.672735366844154,0.5841535554354778,-0.744598385761492,3.3073011502522644e-06
18.692735366844154,0.6102101831802429,-0.49335702005191706,3.980210433978922e-06
18.712735366844154,0.6281775189709151,-0.7644251402816735,3.152558243429545e-06
18.732735366844153,0.6281076002815098,-0.4974819653434679,3.89848204662502e-06
18.752735366844153,0.5964689261709282,-0.6266899888287298,3.58573735913997e-06
18.772735366844152,0.6049694241082761,-0.533136441197712,3.851820887238247e-06
18.792735366844152,0.6327030144166201,-0.720572874561185,3.2377929106080422e-06
18.81273536684415,0.5853062803325884,-0.46481764112832025,4.170436993949895e-06
18.83273536684415,0.5659420955344103,-0.6351914790575393,3.644347808525331e-06
18.85273536684415,0.5934310748561984,-0.6762520357151516,3.4458836698955623e-06
18.87273536684415,0.5492674292181619,-0.4426638192962855,4.408637302089856e-06
18.89273536684415,0.5141935674619162,-0.8579981660586782,3.185352423322258e-06
18.91273536684415,0.5830770371831022,-0.5392771215410903,3.8925215970203295e-06
18.93273536684415,0.5499395268561784,-0.6018284280435182,3.7912617284245466e-06
18.95273536684415,0.5413002158456948,-0.887065852060914,3.0556089670036245e-06
18.972735366844148,0.5246041203208733,-0.5377660005469806,4.1063036462236996e-06
18.992735366844148,0.5268107186348061,-0.7942003237549216,3.3007157198178132e-06
19.012735366844147,0.5615853585477453,-0.6261779544292949,3.6692249099122625e-06
19.032735366844147,0.5131796700497944,-0.6290881930190153,3.8135123058959585e-06
19.052735366844146,0.5174625669806119,-0.3482432703021914,5.029360400202576e-06
19.072735366844146,0.5269067020708462,-1.059458127943799,2.743276538990558e-06
19.092735366844146,0.4621091437438736,-0.5539780377876014,4.280877917929754e-06
19.112735366844145,0.5374841621669475,-0.7646492408821359,3.3388664325978893e-06
19.132735366844145,0.43888162446091883,-0.7435301634541247,3.675149436992077e-06
19.152735366844144,0.494377168120991,-0.6494101324933581,3.797427535589772e-06
19.172735366844144,0.43489866663730936,-0.4422620602417737,4.949319057755012e-06
19.192735366844143,0.48784912371775135,-0.7823883059318177,3.416116210511189e-06
19.212735366844143,0.5184063727792818,-0.4588513544294983,4.4381284953137686e-06
19.232735366844143,0.4562068457453279,-0.6911464564618655,3.77835908825764e-06
19.252735366844142,0.4251619493588805,-0.9238360793096945,3.2120307467272107e-06
19.27273536684414,0.4139076957217185,-0.6225527595743188,4.1786219637531294e-06
19.29273536684414,0.41913907613798074,-0.6974674622761086,3.876836570756646e-06
19.31273536684414,0.4185265826149589,-0.6189473230624571,4.170532302884509e-06
19.33273536684414,0.4195607857327559,-0.48773399693891406,4.766654646844908e-06
19.35273536684414,0.4062992250728712,-1.1505076322937384,2.776637134508953e-06
19.37273536684414,0.42928898796162684,-0.6883859290392138,3.865745798582583e-06
19.39273536684414,0.40151095250985236,-0.5463756996905431,4.556017870091418e-06
19.41273536684414,0.3506543629337102,-0.7249573301814962,4.013104453623043e-06
19.43273536684414,0.4252880938583985,-0.6789346638252027,3.907262929330092e-06
19.452735366844138,0.3582159268698888,-0.677168547117617,4.16505771937319e-06
19.472735366844137,0.4124592800508253,-0.8219669540121686,3.4918187066936527e-06
19.492735366844137,0.35923340709268814,-0.9974814913002774,3.175574312252502e-06
19.512735366844137,0.38644744300836464,-0.6868978231213987,4.012066196366535e-06
19.532735366844136,0.3627763520125882,-0.6176629669644171,4.390175931102697e-06
19.552735366844136,0.3862453661567997,-0.5027357218787074,4.839531592774194e-06
19.572735366844135,0.31836775664123707,-0.8958585640793899,3.5415511091970488e-06
19.592735366844135,0.3561828749043343,-0.8917928245209623,3.444133040588052e-06
19.612735366844134,0.31451675302378135,-0.7611417288280791,3.99401283880215e-06
19.632735366844134,0.33869021892314777,-0.27313717687502503,7.018594529626852e-06
19.652735366844134,0.3096638602000894,-2.520064951851964,1.516809441152071e-06
19.672735366844133,0.3308675377484178,-0.6607018841896206,4.32661810539043e-06
19.692735366844133,0.28117824436048977,-1.0266986206406727,3.2787047189080265e-06
19.712735366844132,0.3254472962789805,-0.7282996780559188,4.06749662521307e-06
19.732735366844132,0.2919158426775539,-0.666856276046019,4.468348877837849e-06
19.75273536684413,0.31072012333606835,-0.6951794525593868,4.2570111216439476e-06
19.77273536684413,0.30541590665234253,-0.7730669575976208,3.968667115055884e-06
19.79273536684413,0.2798601222511934,-0.9292784189165104,3.5381671691944848e-06
19.81273536684413,0.25950020938762464,-0.33505120081827044,7.19220961934352e-06
19.83273536684413,0.27817563245480414,-1.2106005290988833,2.8709271427678077e-06
19.85273536684413,0.260220748536085,-0.5498497989028692,5.273822721781704e-06
19.87273536684413,0.26312372543179663,-0.7098134651314467,4.388966903634534e-06
19.89273536684413,0.25400642441309174,-1.0994487690040842,3.1535585217500718e-06
19.912735366844128,0.26874222593323793,-1.2704945568111725,2.7716549901617736e-06
19.932735366844128,0.24139387761351827,-0.7706453478313051,4.213535495446435e-06
19.952735366844127,0.2630734308841056,-0.7519003647612408,4.199413976636564e-06
19.972735366844127,0.22903343427060463,-0.7371380792465061,4.409492911947615e-06
19.992735366844126,0.21794582580332644,-0.8390742219635285,4.02864955515917e-06
20.012735366844126,0.2140494735140237,-0.6786155281588435,4.7681952297106885e-06
20.032735366844125,0.21339090913352265,-0.5490075566340238,5.580331277474114e-06
20.052735366844125,0.2168437806658403,-0.8449483599397354,4.005001825573144e-06
20.072735366844125,0.1974354052617855,-1.6056768239941448,2.357328585205941e-06
20.092735366844124,0.18496439344016835,-0.557197377551347,5.72460939462196e-06
20.112735366844124,0.19706469308584929,-0.8068731615785509,4.229975410543102e-06
20.132735366844123,0.19158959475862503,-1.4184902065899223,2.636324352205394e-06
20.152735366844123,0.17933295439434005,-0.3757079094648361,7.644022249147374e-06
20.172735366844122,0.1756205804513229,-1.4852617466822267,2.55334106420614e-06
20.192735366844122,0.20017749644466676,-0.7407706546364352,4.504873015032031e-06
20.21273536684412,0.16078133662813343,-0.7051539729000069,4.892904473899161e-06
20.23273536684412,0.13579275731171947,-1.1250876715639606,3.358780236158149e-06
20.25273536684412,0.1780459731890005,-0.5910633793100715,5.503877264719156e-06
20.27273536684412,0.152995207581057,-0.8891293092747219,4.060114785354213e-06
20.29273536684412,0.16299850255745696,-0.7508765703532845,4.627797201414866e-06
20.31273536684412,0.13926790285404422,-1.1228049932979047,3.3494972256322845e-06
20.33273536684412,0.12927431705611525,-0.8272809928748757,4.417302282880678e-06
20.35273536684412,0.12177020260423888,-0.5344298826530576,6.436262323249364e-06
20.37273536684412,0.11681991117075086,-0.9334066637456999,4.019680066939505e-06
20.392735366844118,0.12753969866025727,-0.6711947884177789,5.282940438594954e-06
20.412735366844117,0.12239781118842075,-1.0593736891751178,3.5690011018293856e-06
20.432735366844117,0.10832626686169533,-0.7421152858296409,4.957244667946425e-06
20.452735366844117,0.10545865376843722,-0.8828625198511872,4.2637469910285825e-06
20.472735366844116,0.1011730340487702,-1.122644291841425,3.441731289316051e-06
20.492735366844116,0.09719681211390707,-1.0560320591321215,3.650757534356661e-06
20.512735366844115,0.0935177661921216,-0.8810715773142874,4.317984710576277e-06
20.532735366844115,0.08251386259871651,-0.9141499983379617,4.2204602725296145e-06
20.552735366844114,0.07744666079815943,-0.9425703445449471,4.121978535499971e-06
20.572735366844114,0.08316377661321894,-1.1292080734856427,3.466429743841811e-06
20.592735366844114,0.07328590067299956,-0.553151321131736,6.705736980524779e-06
20.612735366844113,0.07271460482843395,-2.2078177488874644,1.8411643697106019e-06
16.549879290990507,1.8448313953122124,-0.08338825644750614,2.410003634612655e-06
16.569879290990507,1.697696830102359,-0.08194804374670639,2.60972640398316e-06
16.589879290990506,1.597481367061846,-0.0849354027152458,2.759002990491154e-06
16.609879290990506,1.6742648180224933,-0.09238614713831339,2.625987550081649e-06
16.629879290990505,1.5241499650292099,-0.09599195104419778,2.861843801135788e-06
16.649879290990505,1.546328920056112,-0.11644290344702313,2.786930715482984e-06
16.669879290990504,1.6358603741391562,-0.11238899022191617,2.6491839888590383e-06
16.689879290990504,1.2600257825106382,-0.10214007908507483,3.39814797315517e-06
16.709879290990504,1.716369777393993,-0.12430477499219705,2.513374955514782e-06
16.729879290990503,1.4552105118054897,-0.1320560530034527,2.9130023127826875e-06
16.749879290990503,1.187930776621215,-0.12397274648901657,3.52248246167222e-06
16.769879290990502,1.2417923033353873,-0.12800031901952025,3.3717499050549724e-06
16.789879290990502,1.3938392615527846,-0.15272749030555133,2.9846904470671013e-06
16.8098792909905,1.4253685926669277,-0.1595918588427594,2.910799323756045e-06
16.8298792909905,1.4390885806351434,-0.1553039685704789,2.891985367240631e-06
16.8498792909905,1.4738929543236736,-0.1303747326892335,2.8725861479090646e-06
16.8698792909905,1.2963675382779911,-0.15539409631674062,3.172608008625263e-06
16.8898792909905,1.3010178837284911,-0.1609742766522686,3.1486852565807723e-06
16.9098792909905,1.488849061075598,-0.16938007024873514,2.7745384318170412e-06
16.9298792909905,1.2749909165722784,-0.15513181289861677,3.215296512835821e-06
16.9498792909905,1.4916249006637372,-0.20670593074100907,2.7060583770415685e-06
16.969879290990498,1.2552477599820122,-0.20655239695406635,3.142216812951589e-06
16.989879290990498,1.2171567325713113,-0.16132756994920783,3.330298033388951e-06
17.009879290990497,1.3679243236256298,-0.17225262722786283,2.9790415810819574e-06
17.029879290990497,1.2169887782656588,-0.18984192996140337,3.259627402206962e-06
17.049879290990496,1.3730347886375966,-0.19592849691980518,2.9212040028229806e-06
17.069879290990496,1.3234712134872098,-0.21782455065294926,2.972015248287807e-06
17.089879290990496,1.299176504559,-0.1776580695004668,3.1000657906418362e-06
17.109879290990495,1.23171186541731,-0.2471595053357305,3.0941379716061113e-06
17.129879290990495,1.2978156866010977,-0.24624895906890742,2.9618728836581526e-06
17.149879290990494,1.1486284449929371,-0.2441753449074895,3.281764679408932e-06
17.169879290990494,1.246652863927011,-0.25602046514450194,3.04019162179652e-06
17.189879290990493,1.2991060224012472,-0.2587557718579774,2.930893507770465e-06
17.209879290990493,1.2058840810641414,-0.21969823983090464,3.2011132181740496e-06
17.229879290990493,1.18515942729573,-0.31989132944727316,3.03047614310818e-06
17.249879290990492,1.0127041155355982,-0.19539658472058363,3.7733496879167767e-06
17.26987929099049,1.3148512914194725,-0.27234269287896495,2.8705526929473513e-06
17.28987929099049,1.11984907760052,-0.24637749857538438,3.3330430408116553e-06
17.30987929099049,1.083062983554555,-0.32453073938086163,3.233343948000851e-06
17.32987929099049,1.1485231236893014,-0.2610856976098148,3.227000235830303e-06
17.34987929099049,1.0337306066649035,-0.26782835292397067,3.493020264398081e-06
17.36987929099049,1.2286541174980812,-0.25229637962183915,3.0682753857432493e-06
17.38987929099049,1.0341516241023783,-0.3862219088478014,3.1974313103528845e-06
17.40987929099049,1.05246081147925,-0.30393976228515385,3.3464552289695244e-06
17.42987929099049,1.089225415533292,-0.2510558077774476,3.38489300287917e-06
17.449879290990488,1.0112095084623434,-0.31283294628701697,3.4245783184126386e-06
17.469879290990487,1.0154143334366381,-0.3612441941331781,3.2919550957754424e-06
17.489879290990487,1.24940837896429,-0.3114198090333957,2.901981980998377e-06
17.509879290990487,1.1393042782729026,-0.3022844280785648,3.1403589181121703e-06
17.529879290990486,1.0246459332993254,-0.32540993206202984,3.3515074522671516e-06
17.549879290990486,1.1046070328302449,-0.3284208061522804,3.1557793879113327e-06
17.569879290990485,0.9791955771215726,-0.3510351131990319,3.3978647912151307e-06
17.589879290990485,1.0946971331431996,-0.38438509721891023,3.0543010849838587e-06
17.609879290990484,0.9484735240694135,-0.15064099454320967,4.1080260504717225e-06
17.629879290990484,1.0100154773681425,-0.2983089203189593,3.449308025575436e-06
17.649879290990484,1.039039979375957,-0.38813103710708674,3.1604098070243615e-06
17.669879290990483,0.9656917378597427,-0.3093719321186654,3.535591242154361e-06
17.689879290990483,1.0018835491355276,-0.3955655066820327,3.224257695936458e-06
17.709879290990482,1.0222836709799594,-0.4213917300439789,3.1193899236496964e-06
17.729879290990482,1.0519950495800003,-0.45479248117044335,2.9871780380322712e-06
17.74987929099048,0.9106145686819218,-0.42440568027086556,3.369740716163856e-06
17.76987929099048,1.086634510604199,-0.37716683658072725,3.0716846099776998e-06
17.78987929099048,0.8886669281928334,-0.366552361901995,3.5802677812257937e-06
17.80987929099048,0.9812842582687153,-0.39767223759554327,3.257292822240612e-06
17.82987929099048,0.9316904434890603,-0.44744093305052957,3.255180404250879e-06
17.84987929099048,1.012587094126502,-0.42773661567480303,3.1152868879289013e-06
17.86987929099048,0.8692070383112878,-0.3175468987901695,3.778974554560865e-06
17.88987929099048,0.9990066585596651,-0.5075525345528149,2.9752387231112585e-06
17.909879290990478,0.8884138519206317,-0.42071399386622943,3.4221758186189102e-06
17.929879290990478,0.9177725601766724,-0.3896094573810842,3.424982031318481e-06
17.949879290990477,0.8985059460428602,-0.35246859228936955,3.5775737440630136e-06
17.969879290990477,0.8690533115441212,-0.5311792946304195,3.194565485174071e-06
17.989879290990476,0.8627695402683457,-0.3384150763740763,3.7220468934372357e-06
18.009879290990476,0.9147314718575217,-0.3279785039485432,3.5958117947275087e-06
18.029879290990475,0.8569855819150689,-0.4885466372506926,3.3193143654072925e-06
18.049879290990475,0.846741854067659,-0.33671755564864725,3.771970952817276e-06
18.069879290990475,0.7103979064850137,-0.4095079221588094,3.983988107051066e-06
18.089879290990474,0.9249200846534222,-0.4150135946692899,3.328070093215707e-06
18.109879290990474,0.8057719772768905,-0.4218978608987527,3.630552137335814e-06
18.129879290990473,0.801113038090989,-0.6776554400566965,3.0125510869573196e-06
18.149879290990473,0.7709487440879457,-0.45948058692738414,3.6187184518612808e-06
18.169879290990472,0.78491731480608,-0.2705836067907512,4.2163185375695775e-06
18.189879290990472,0.8570900979684666,-0.4999320678471122,3.277821909634126e-06
18.20987929099047,0.7168158636486623,-0.5578309515403816,3.4878869494609037e-06
18.22987929099047,0.8532249099807814,-0.4535811175665003,3.4003153613049624e-06
18.24987929099047,0.7638688963779714,-0.5850950157573607,3.2923815386958255e-06
18.26987929099047,0.8125081554171629,-0.3883922203676775,3.6964449353093067e-06
18.28987929099047,0.682465402293019,-0.5895396960549988,3.488045513383037e-06
18.30987929099047,0.7388821000204189,-0.40604459028691053,3.873251452369668e-06
18.32987929099047,0.8030923233891372,-0.7711171366972849,2.8156061589830346e-06
18.34987929099047,0.7594247838569572,-0.413044230255764,3.7784436876286216e-06
18.36987929099047,0.7175392353819916,-0.49532381993230956,3.6507747004223746e-06
18.389879290990468,0.6510735648334958,-0.5204201834421838,3.777785097655468e-06
18.409879290990467,0.6735318520950386,-0.5640827244496904,3.574168937449445e-06
18.429879290990467,0.7142019949387759,-0.5595358514983673,3.471064306493918e-06
18.449879290990467,0.6478776918374933,-0.4454262628860306,4.0418861648516455e-06
18.469879290990466,0.7548122106381925,-0.4962978910189122,3.530305684927494e-06
18.489879290990466,0.6546215053240303,-0.5524371926439926,3.6573125695783302e-06
18.509879290990465,0.6507429846615196,-0.6447908828267828,3.405839590155563e-06
18.529879290990465,0.6939982162293745,-0.532382859964855,3.59610235405349e-06
18.549879290990464,0.651973914122209,-0.5413424882863183,3.693925627777335e-06
18.569879290990464,0.6847880599380005,-0.6039422211470082,3.4187191260245353e-06
18.589879290990464,0.6663622310734354,-0.6014124673529295,3.47349483508336e-06
18.609879290990463,0.6152799543488072,-0.5099980779923499,3.911425024523386e-06
18.629879290990463,0.5506560783251189,-0.516100090186228,4.1239690854000895e-06
18.649879290990462,0.6745737427190761,-0.6621842267049942,3.289359817863307e-06
18.669879290990462,0.6560436177824158,-0.49561302812071517,3.816168268192549e-06
18.68987929099046,0.626705927104922,-0.7050411218951922,3.2984716941896306e-06
18.70987929099046,0.572507853328716,-0.49140632152557373,4.1268037534490075e-06
18.72987929099046,0.6137784449856554,-0.8619075800525025,2.973801867285554e-06
18.74987929099046,0.5641330043436028,-0.31943489937111735,4.964257740944171e-06
18.76987929099046,0.6239043857931392,-0.7126924440381117,3.280051168607712e-06
18.78987929099046,0.6342788539914181,-0.5024389098398387,3.854890575813238e-06
18.80987929099046,0.5872497059463058,-0.39330109930597246,4.466661944363402e-06
18.82987929099046,0.5954364394347067,-0.6452623836157727,3.528377405111452e-06
18.849879290990458,0.6256676342454739,-0.4951192912994884,3.903939989176075e-06
18.869879290990458,0.49239999608835205,-0.5884424718969967,4.046265505504224e-06
18.889879290990457,0.5701202447744436,-0.8197351797425654,3.145085043607902e-06
18.909879290990457,0.5373914068150043,-0.5943813697231235,3.860387762612528e-06
18.929879290990456,0.5718208864127519,-0.7120557406451553,3.401377231411159e-06
18.949879290990456,0.5588939504959853,-0.6083798718173057,3.7393288919545598e-06
18.969879290990455,0.45906619710149243,-0.7320282380242134,3.6627861328387257e-06
18.989879290990455,0.604779850167688,-0.5857617897854652,3.662688315071033e-06
19.009879290990455,0.5241297532484168,-0.4958433016727213,4.273128634414969e-06
19.029879290990454,0.48213307260448346,-0.6065989189373795,4.001310095390598e-06
19.049879290990454,0.5211046171752969,-0.8933567209169269,3.078381769317873e-06
19.069879290990453,0.49208695137349423,-0.6580527775804512,3.784015765006212e-06
19.089879290990453,0.4568024408072233,-0.762406901747454,3.56791733070732e-06
19.109879290990452,0.5126947931348695,-0.3931252291658893,4.8000120927745236e-06
19.129879290990452,0.4883488675550325,-0.5381905974936672,4.233472220330111e-06
19.14987929099045,0.5020680982124759,-0.7626144105743151,3.434662773882096e-06
19.16987929099045,0.478098678171591,-0.7243169306893833,3.610787093565145e-06
19.18987929099045,0.46126447553979233,-0.6617734859119082,3.864135786283611e-06
19.20987929099045,0.4250094472372439,-0.4735685915220529,4.827055350180028e-06
19.22987929099045,0.400890708406223,-0.5181568262632936,4.717279228297053e-06
19.24987929099045,0.4571023911885277,-0.9133772299974225,3.1619017534824306e-06
19.26987929099045,0.4504408203792991,-0.8735156471666414,3.271455283402705e-06
19.28987929099045,0.42948143376634107,-0.6365134174702689,4.061176669867221e-06
19.309879290990448,0.40963522536912933,-0.8838627095101401,3.3452587664600025e-06
19.329879290990448,0.4479641750949668,-0.673107219976373,3.857962443119294e-06
19.349879290990447,0.4032640818768414,-0.8268347634002566,3.5143624028250837e-06
19.369879290990447,0.41905851360570523,-0.4147149004274979,5.182379740532303e-06
19.389879290990446,0.37892918108263984,-0.8161655057338066,3.6138406366365855e-06
19.409879290990446,0.41434343000582885,-0.7589759062248049,3.6791639379093727e-06
19.429879290990446,0.39135077572393584,-0.5642564613372087,4.515217114285535e-06
19.449879290990445,0.36940177250653505,-1.0569924365263432,3.0235292891992643e-06
19.469879290990445,0.4024747285875492,-0.38428127276711166,5.479051270972171e-06
19.489879290990444,0.3782282779866364,-0.544100921950303,4.6714801922837215e-06
19.509879290990444,0.3508730584871955,-0.7224671501899138,4.0123495461749585e-06
19.529879290990444,0.36158578588583623,-0.8327169548720121,3.6042581390054907e-06
19.549879290990443,0.3423949662283121,-0.6393852030741982,4.3824012949903615e-06
19.569879290990443,0.3616386757385044,-1.056518540252,3.0324686228573986e-06
19.589879290990442,0.3376366600241454,-0.38836296857334673,5.920788866354371e-06
19.609879290990442,0.3348668923499645,-0.9383667777583469,3.374461699870363e-06
19.62987929099044,0.2975504228088539,-0.8338178237900138,3.7958156063599037e-06
19.64987929099044,0.34766222079633735,-0.6876963713439181,4.145858303161679e-06
19.66987929099044,0.32174702639667885,-1.3763465615920722,2.526610536976203e-06
19.68987929099044,0.2911533528531436,-0.460417598602362,5.705931314493767e-06
19.70987929099044,0.31507983127448824,-0.6836227033054456,4.291997119484704e-06
19.72987929099044,0.2862854425329715,-0.5270250429166481,5.267865919055891e-06
19.74987929099044,0.29888460811707773,-0.9520542536629364,3.4233589393590026e-06
19.76987929099044,0.28795649763560505,-0.7783408283721656,4.0142819560868954e-06
19.789879290990438,0.290923144617409,-1.2286491460399702,2.8155509689102184e-06
19.809879290990438,0.28908284021599684,-0.3666466202121228,6.521617440615101e-06
19.829879290990437,0.24709834449458867,-1.6763959978707135,2.2222330538860757e-06
19.849879290990437,0.27250579196334,-0.4837370812892914,5.649585735315836e-06
19.869879290990436,0.280355711831362,-0.5053913169540465,5.434907780188876e-06
19.889879290990436,0.27143032734602457,-0.768273577967193,4.105505011305833e-06
19.909879290990435,0.2254567478375975,-0.8796976457233541,3.860555197308882e-06
19.929879290990435,0.22651300353754777,-0.5518791383365169,5.478649828054302e-06
19.949879290990435,0.2354967144301554,-1.4007924944162369,2.605024735650587e-06
19.969879290990434,0.24818379783755518,-0.3284260125365108,7.389057797387699e-06
19.989879290990434,0.2219654873406398,-0.7821732992306352,4.2410987650174815e-06
20.009879290990433,0.23527239294344326,-0.8674255855730735,3.860237934879816e-06
20.029879290990433,0.2307666857377626,-0.7987175052985549,4.1328485426325004e-06
20.049879290990432,0.19199429092986975,-0.9382975901098689,3.7625355166449373e-06
20.069879290990432,0.22578687271015951,-0.8465259774238802,3.9641503049090004e-06
20.08987929099043,0.19584786390441877,-0.7401764627611556,4.539259476770441e-06
20.10987929099043,0.1845252461353084,-0.7247234198730439,4.670797168980719e-06
20.12987929099043,0.1973446751908341,-1.4886455466039479,2.5177815777244523e-06
20.14987929099043,0.1770742278695252,-0.6999502462495002,4.837967027904501e-06
20.16987929099043,0.18797719616304676,-0.6914550127403345,4.822524852838166e-06
20.18987929099043,0.17645589826861396,-0.5806045024655759,5.599502216381202e-06
20.20987929099043,0.1674742750074074,-1.3741095126606524,2.7486069281949433e-06
20.22987929099043,0.1577035866503138,-0.9346662815660238,3.877150332370046e-06
20.249879290990428,0.15010810362218763,-0.8427518349490128,4.263800934003595e-06
20.269879290990428,0.1752339337253943,-0.871129343053326,4.043941741255716e-06
20.289879290990427,0.15154397957115862,-1.1335790414523217,3.2911268960817254e-06
20.309879290990427,0.15248867512127617,-0.9409393658861518,3.8663625803139826e-06
20.329879290990426,0.14163621434977358,-0.5825441651977599,5.8350936069464045e-06
20.349879290990426,0.1381279128963797,-0.8454214385710657,4.294405536528658e-06
20.369879290990426,0.13522128833574243,-0.7782266985741444,4.621868296559619e-06
20.389879290990425,0.12618942562122015,-1.1425756090320647,3.3260131947977244e-06
20.409879290990425,0.11490849534311565,-0.9362952362425858,4.012568747058479e-06
20.429879290990424,0.11459724475457733,-0.6687384404940531,5.382269804343372e-06
20.449879290990424,0.1082018226539958,-1.2952242769533768,3.0028085267272706e-06
20.469879290990423,0.10228241171296304,-1.081682037198334,3.557805221822492e-06
20.489879290990423,0.09577790161165467,-0.8913209712918615,4.265455870717826e-06
20.509879290990423,0.10821915843553143,-1.1220302699366584,3.420883268883511e-06
20.529879290990422,0.08492409636892262,-1.1568297569756396,3.387663017364667e-06
20.54987929099042,0.08557608979026554,-0.7442851499654353,5.066827256787519e-06
20.56987929099042,0.07841321183445871,-1.023570031975396,3.8139227731367784e-06
20.58987929099042,0.08042985049178242,-1.1479824600974098,3.419861202099139e-06
20.60987929099042,0.05953970374685014,-0.8238901181612164,4.753184559680429e-06
20.62987929099042,0.05584063307469478,-0.8841347071575001,4.465256389604963e-06
16.553582062403382,1.75868155239732,-0.07536646800417657,2.533482383993679e-06
16.573582062403382,1.549921072786674,-0.07425887072895421,2.8592409188395728e-06
16.59358206240338,1.6453558515786426,-0.07395717186591355,2.699539154766149e-06
16.61358206240338,1.5173461927333847,-0.10575967726617819,2.8579219797068926e-06
16.63358206240338,1.578902440809543,-0.09787834960116015,2.7648946153609127e-06
16.65358206240338,1.3439522611442953,-0.10896379320547567,3.1891420346916934e-06
16.67358206240338,1.5405906169617083,-0.10399993994360557,2.8158564457769747e-06
16.69358206240338,1.445125992046087,-0.1049845718589495,2.9858139131391186e-06
16.71358206240338,1.4531271720625227,-0.11581141112037585,2.9483756574207633e-06
16.73358206240338,1.4718979382159887,-0.14409555773454485,2.8609203256461705e-06
16.753582062403378,1.4474062797089573,-0.13229966347444133,2.925019725162771e-06
16.773582062403378,1.3176283281645738,-0.10050597954250406,3.2564786818680704e-06
16.793582062403377,1.5012996249715798,-0.14693944374614887,2.8003144629953334e-06
16.813582062403377,1.461883087613387,-0.11966607662907336,2.916780107637311e-06
16.833582062403377,1.3815445623185951,-0.20963952199963387,2.897515796223855e-06
16.853582062403376,1.2798793768452015,-0.1354663971142145,3.2556883046311534e-06
16.873582062403376,1.5300931490346557,-0.1739439073298854,2.702630395496132e-06
16.893582062403375,1.3370983689528657,-0.19046052082558163,3.0132219227987253e-06
16.913582062403375,1.2975813198841024,-0.1840112570062047,3.1050169217115684e-06
16.933582062403374,1.2909353919967543,-0.1690563611482503,3.149216019936783e-06
16.953582062403374,1.3390776993546751,-0.21985594074067194,2.9477138739002863e-06
16.973582062403374,1.26581163550145,-0.2075769938819576,3.117162290946319e-06
16.993582062403373,1.306426095412462,-0.20226836084475508,3.042576742389707e-06
17.013582062403373,1.2624441780644702,-0.2539535895193694,3.0254650820363625e-06
17.033582062403372,1.3786620202299673,-0.15075405954848975,2.998079631419023e-06
17.053582062403372,1.4160684092494193,-0.20417696121330664,2.828456998371249e-06
17.07358206240337,1.2400347892253194,-0.21598639280637144,3.1457671873539074e-06
17.09358206240337,1.1885072327568196,-0.26641081302659586,3.14646152462657e-06
17.11358206240337,1.323922278592363,-0.2043475662212586,2.993812246315149e-06
17.13358206240337,1.4039532499737106,-0.26730863090779167,2.736178347567393e-06
17.15358206240337,1.0570302489213645,-0.22637709650734905,3.561133675281776e-06
17.17358206240337,1.256052560522221,-0.2789366104552755,2.9758701846679914e-06
17.19358206240337,1.2368509466614341,-0.24035840098076733,3.0906094859079233e-06
17.21358206240337,1.108217405853793,-0.19752931129187346,3.4945552682548086e-06
17.233582062403368,1.2665724070975557,-0.31013371802691836,2.8924542845655406e-06
17.253582062403368,1.1028269492089748,-0.2221673250605818,3.4400888720151015e-06
17.273582062403367,1.137569944432471,-0.2726344366419653,3.2305145114095926e-06
17.293582062403367,1.211381723471277,-0.30989576564752497,2.9930341583350977e-06
17.313582062403366,1.1672685682460724,-0.2843842735310318,3.1349015099811586e-06
17.333582062403366,1.1150846569653368,-0.2498076154734008,3.3323941729223707e-06
17.353582062403365,1.2267885291657876,-0.24557972283218987,3.087497383045124e-06
17.373582062403365,1.0739818765287055,-0.2958537345766672,3.3168200964591404e-06
17.393582062403365,1.1147730677985237,-0.296408834761678,3.217939225030952e-06
17.413582062403364,1.1773858166998252,-0.31133552280516597,3.048705484873132e-06
17.433582062403364,1.0978487740503624,-0.3538087894121418,3.124882826139716e-06
17.453582062403363,1.094479920779122,-0.30006417451932066,3.2511343660068428e-06
17.473582062403363,0.9712515715509653,-0.34208951448090374,3.45032683011148e-06
17.493582062403362,1.2160913714324124,-0.25239500068710186,3.0841619733216456e-06
17.513582062403362,1.0430928290443262,-0.4047234233294148,3.126533003291699e-06
17.53358206240336,1.0231376425363123,-0.32493133610114455,3.3561106891751995e-06
17.55358206240336,1.0792423178172612,-0.34405893429357093,3.1770412332864214e-06
17.57358206240336,1.0105346160999034,-0.41337599052349105,3.1740123541146634e-06
17.59358206240336,1.1688397436519153,-0.34455387552588945,2.9847729462298925e-06
17.61358206240336,0.9641125086927786,-0.30048999679274857,3.570098231990269e-06
17.63358206240336,1.032923839509749,-0.35301299571619893,3.2558474589191906e-06
17.65358206240336,0.9872987680009828,-0.4545504183333833,3.1279634061674317e-06
17.67358206240336,1.0541419600049267,-0.2043731420999393,3.581715489295074e-06
17.693582062403358,0.9182744015997741,-0.4115383124044456,3.38791186742195e-06
17.713582062403358,1.0776333755929954,-0.39797343726786494,3.051592609655895e-06
17.733582062403357,0.8981055057083722,-0.42301594009040855,3.406658442474406e-06
17.753582062403357,0.9018940104870126,-0.30343631297000684,3.7319638713498944e-06
17.773582062403356,1.0923183612176217,-0.4308113657971262,2.9517368647292864e-06
17.793582062403356,0.921897450578399,-0.327147516887635,3.5976049787078927e-06
17.813582062403356,1.0462119012954645,-0.6400983256171457,2.66336403853187e-06
17.833582062403355,0.9568689018342411,-0.34368217474548146,3.4515566450939778e-06
17.853582062403355,0.8936669178656302,-0.42471545035368763,3.403098806426775e-06
17.873582062403354,0.9405713153537363,-0.24849672766868025,3.771237083233051e-06
17.893582062403354,0.9200277145191649,-0.6390401960234158,2.8747592598664263e-06
17.913582062403353,0.9527154818788404,-0.3685382313851733,3.390460511633467e-06
17.933582062403353,0.8166699275316205,-0.4752342294086702,3.4656800575501006e-06
17.953582062403353,0.8686024548078422,-0.5446910718164872,3.166362184670306e-06
17.973582062403352,0.9188182132202201,-0.3122969535761513,3.633062972082907e-06
17.993582062403352,0.8824161539232591,-0.55582691996824,3.1082429838221153e-06
18.01358206240335,0.8848969128011959,-0.3868052553407324,3.5134965796759004e-06
18.03358206240335,0.8235700546065345,-0.3798711244016886,3.710888690402339e-06
18.05358206240335,0.8409903516658233,-0.4258324027468916,3.5234397903907835e-06
18.07358206240335,0.8595335460922797,-0.3983739608665928,3.546575507889607e-06
18.09358206240335,0.7316187379765324,-0.42704674186825287,3.848377629134474e-06
18.11358206240335,0.8798023389244918,-0.3766531521578145,3.547040609004818e-06
18.13358206240335,0.8039948594305315,-0.691211839672178,2.9791456094815464e-06
18.15358206240335,0.7611751824442763,-0.47066957913921215,3.6142219095261436e-06
18.173582062403348,0.8619452354032546,-0.4233770664941403,3.46210386944478e-06
18.193582062403348,0.7992264955755672,-0.46007870845278376,3.531825479657331e-06
18.213582062403347,0.7479483940987848,-0.49814560626327875,3.5674851625098197e-06
18.233582062403347,0.7372228168242145,-0.5842435581653262,3.3622906714606213e-06
18.253582062403346,0.8279492361180019,-0.5614636417012662,3.196233554174335e-06
18.273582062403346,0.8019374929426704,-0.5030901709324098,3.401186929533116e-06
18.293582062403345,0.6957625147770159,-0.47091572975114104,3.8025872230686285e-06
18.313582062403345,0.7210081963567063,-0.5767692367662676,3.4167138591571304e-06
18.333582062403345,0.6893797845696099,-0.33050919603556395,4.345501832381626e-06
18.353582062403344,0.7886023636674508,-0.8041632564854808,2.781151686055848e-06
18.373582062403344,0.6996326576918364,-0.42684780730633065,3.930371290429558e-06
18.393582062403343,0.6366715510957874,-0.5110126167310227,3.855775075200038e-06
18.413582062403343,0.8094017260009423,-0.590389851204236,3.1597671335631917e-06
18.433582062403342,0.7005831704882439,-0.5216240698791808,3.6170835238338016e-06
18.453582062403342,0.6950589402440528,-0.43895683824666776,3.896421752976241e-06
18.47358206240334,0.6635154299874557,-0.5687237088859547,3.5840334028416362e-06
18.49358206240334,0.6707597972344956,-0.4118827968486585,4.077237126471591e-06
18.51358206240334,0.6890805664006621,-0.774881576304324,3.0137443006218054e-06
18.53358206240334,0.6829006625030161,-0.6142967078631045,3.399479800319311e-06
18.55358206240334,0.5897994495462626,-0.47126917328569107,4.153925122043906e-06
18.57358206240334,0.725654959824169,-0.5178243592090439,3.542812601984566e-06
18.59358206240334,0.6238467093280633,-0.8006302965804935,3.091102073592015e-06
18.61358206240334,0.6930379570403602,-0.8145383205846883,2.9192838817988055e-06
18.633582062403338,0.6950720753811765,-0.3875570249510929,4.063117309051609e-06
18.653582062403338,0.5558817054261453,-0.5206702255236451,4.084041431549508e-06
18.673582062403337,0.6124918852874544,-0.532585019711405,3.837744053056591e-06
18.693582062403337,0.6527466396510135,-0.5234804246283602,3.734259250216057e-06
18.713582062403336,0.6002727476661676,-0.7247735046548769,3.3132157739827465e-06
18.733582062403336,0.6535305795550812,-0.30619141831994057,4.572146026348639e-06
18.753582062403336,0.5417134559247643,-0.6114024189628253,3.803470038018756e-06
18.773582062403335,0.6096839029341936,-0.6268962222093251,3.545008968241671e-06
18.793582062403335,0.6174110167630715,-0.4584676683298312,4.072519841209152e-06
18.813582062403334,0.56815144677239,-0.6809249483630992,3.5061088739750858e-06
18.833582062403334,0.5117093810113147,-0.6320843035646249,3.826952017672364e-06
18.853582062403333,0.5461392151046311,-0.6286155433626845,3.724267685638798e-06
18.873582062403333,0.5976182688900735,-0.6021695947565604,3.6447812377659954e-06
18.893582062403333,0.5292407727392856,-1.3690884956158698,2.302463307283465e-06
18.913582062403332,0.5155668778897962,-0.697151152882725,3.6023934567241674e-06
18.93358206240333,0.5078876538027544,-0.6135220826836303,3.893812097624071e-06
18.95358206240333,0.5520861480690655,-0.5655001632694621,3.905237626831757e-06
18.97358206240333,0.5191522480090498,-0.8598675500834361,3.163354412315045e-06
18.99358206240333,0.5271399360499345,-0.4709200393408537,4.368657982920281e-06
19.01358206240333,0.46873050987778697,-0.7292189916188363,3.637953574969334e-06
19.03358206240333,0.5279240726522403,-0.4685536309843883,4.371374367906403e-06
19.05358206240333,0.5801265948684886,-1.0990400484297425,2.592870080013669e-06
19.07358206240333,0.48909352733244305,-0.30707516777329147,5.4658932452972675e-06
19.09358206240333,0.478750523616327,-0.8771520993905142,3.2079362985194294e-06
19.113582062403328,0.4859879852665472,-0.792881231958745,3.3995203621851828e-06
19.133582062403327,0.4937819333827065,-0.34676127787679434,5.169818346995757e-06
19.153582062403327,0.4897711129306117,-0.5537204997381195,4.16234294119545e-06
19.173582062403327,0.46109159346087836,-0.42712340224534273,4.8876452555180275e-06
19.193582062403326,0.4911932907998562,-0.5716161304153502,4.082740497422278e-06
19.213582062403326,0.46438244040473364,-0.7849063128232956,3.471655177519946e-06
19.233582062403325,0.4551009018177865,-0.6480048022349365,3.929826761110996e-06
19.253582062403325,0.44603663766611135,-0.7093047310481779,3.750371481864996e-06
19.273582062403324,0.426516405052098,-0.8109917946858332,3.4996698070632124e-06
19.293582062403324,0.41423389919509646,-0.37998271151445806,5.45041569160542e-06
19.313582062403324,0.4209152230505424,-0.49762410554103553,4.7104363294699845e-06
19.333582062403323,0.3858900727791479,-0.9430827365140431,3.2541386180419557e-06
19.353582062403323,0.4052376708582983,-0.6097548730904236,4.2587609860596255e-06
19.373582062403322,0.3921989074879093,-0.588171225041151,4.407062750868494e-06
19.393582062403322,0.4035805588018775,-0.7109670488571282,3.874671803920791e-06
19.41358206240332,0.40066508486052044,-0.7577274400391616,3.7262404839039963e-06
19.43358206240332,0.4074984949256759,-0.5434006684226915,4.537180158767507e-06
19.45358206240332,0.3455762029043399,-0.8428617653553374,3.6285846958030918e-06
19.47358206240332,0.3632111829774658,-0.8558591947075911,3.5357393128432494e-06
19.49358206240332,0.4042456522292923,-0.5052502301987261,4.736980487568258e-06
19.51358206240332,0.37129389132678625,-0.7944704583496787,3.693919039021111e-06
19.53358206240332,0.2968366169370711,-1.0490522877080366,3.198047895928636e-06
19.55358206240332,0.3556720270535152,-0.6832585947122425,4.140959590604697e-06
19.573582062403318,0.34250816170242615,-0.7647310639731586,3.883664151320336e-06
19.593582062403318,0.3157654473907314,-0.8587555970298126,3.6594690514446164e-06
19.613582062403317,0.34385711032155086,-0.8852633507049177,3.4952616609498052e-06
19.633582062403317,0.31393365953772445,-0.6869351600762457,4.290355531326249e-06
19.653582062403316,0.3334184402519895,-1.0023785310331732,3.213108673043667e-06
19.673582062403316,0.32149591512279585,-0.9066504652437288,3.4931134420212672e-06
19.693582062403316,0.33195009823248256,-0.6845975429168902,4.218255336125372e-06
19.713582062403315,0.28305777479545213,-0.831879329518415,3.844208221811809e-06
19.733582062403315,0.2992091303349298,-0.8563490471569821,3.7073305271849974e-06
19.753582062403314,0.28783274817487836,-0.5594329304294661,5.053952805905472e-06
19.773582062403314,0.2734409577824408,-0.8922363285673782,3.671734589718442e-06
19.793582062403313,0.29380376853441703,-0.6981622330495156,4.312696583550804e-06
19.813582062403313,0.3108930785674602,-0.8239250977057964,3.768063102827593e-06
19.833582062403313,0.27406599411187926,-1.369947123224847,2.5997762636593623e-06
19.853582062403312,0.2277292613289319,-0.564890977286268,5.389830202360407e-06
19.87358206240331,0.24986660904687596,-0.4785075173713267,5.862526585942961e-06
19.89358206240331,0.24843499144117231,-0.8461655841310858,3.899258882119504e-06
19.91358206240331,0.26658822341414634,-0.6273839109344408,4.772125583515713e-06
19.93358206240331,0.24384666297555668,-1.1820426143240184,2.990540317607998e-06
19.95358206240331,0.21812437400512863,-0.6929735096055083,4.678100222042225e-06
19.97358206240331,0.24642552395380335,-0.5603553904220462,5.280551819867489e-06
19.99358206240331,0.23338118683750508,-1.4394320300780237,2.5455852764705033e-06
20.01358206240331,0.22599575642379932,-0.6329923997400329,4.95502970066859e-06
20.03358206240331,0.20882288021675777,-0.9167919829196762,3.77957504843192e-06
20.053582062403308,0.2256045850335795,-0.6055076869670302,5.1165254901838925e-06
20.073582062403307,0.21535485739150317,-0.7770097230823012,4.283160417277956e-06
20.093582062403307,0.20188166899970383,-0.8929486302185978,3.8805030166171485e-06
20.113582062403307,0.18728366371215088,-1.0516497133066878,3.42758080453241e-06
20.133582062403306,0.18319597292065737,-0.806393186096102,4.2892727501934625e-06
20.153582062403306,0.1707976022225921,-0.6011537847807631,5.496022223140078e-06
20.173582062403305,0.18997102685534628,-0.3614877820946276,7.690013412201101e-06
20.193582062403305,0.1808499471153482,-1.5611487545538694,2.4332928696981613e-06
20.213582062403304,0.16312879316683393,-0.41883037821389735,7.280347186487198e-06
20.233582062403304,0.1582982445070229,-1.1527064201654866,3.230285023954748e-06
20.253582062403304,0.16877573367673904,-0.6326444600708783,5.281865482866598e-06
20.273582062403303,0.16631829046673374,-0.5631333308992907,5.800341840320253e-06
20.293582062403303,0.1526080710586939,-1.498802335234359,2.5609289189519367e-06
20.313582062403302,0.14285978275893285,-1.2464760928414762,3.0426336796357975e-06
20.333582062403302,0.1458491436787881,-0.750594030629145,4.713419381239877e-06
20.3535820624033,0.1420501321190386,-0.6965068791178055,5.036513208303087e-06
20.3735820624033,0.13202099136924517,-0.8548038186563645,4.277838044107806e-06
20.3935820624033,0.12096995389947551,-0.8478165011601959,4.355536350392288e-06
20.4135820624033,0.11392152365806396,-0.5137806788552552,6.719228945478155e-06
20.4335820624033,0.10503921989584342,-1.0949354713666253,3.5132144922217004e-06
20.4535820624033,0.10696752729336367,-1.088005258294288,3.5263347585892924e-06
20.4735820624033,0.1051206218508014,-0.7647054509725422,4.84231366190093e-06
20.4935820624033,0.0939217584200378,-1.2681057518348098,3.091033061319697e-06
20.513582062403298,0.09619345077953767,-0.7085999297560193,5.228907703072527e-06
20.533582062403298,0.08785383342728892,-1.0930521447444335,3.561919353937629e-06
20.553582062403297,0.08677713349788974,-1.1384382985997945,3.4315751337502973e-06
20.573582062403297,0.0665891874814406,-2.139313187683001,1.905122082836153e-06
20.593582062403296,0.07628145364651573,-0.5750519931316376,6.449292798278062e-06
20.613582062403296,0.08145005811820738,-0.6198945064097643,5.9867477573651925e-06
16.534059449645248,1.3772436381550506,-0.05313536603352986,3.250247615358552e-06
16.554059449645248,1.5682328236289322,-0.07717600773867161,2.823889311319754e-06
16.574059449645247,1.5460233917983714,-0.07031417644611793,2.8730713838931295e-06
16.594059449645247,1.3912728152936324,-0.09017092143221817,3.1329269088818734e-06
16.614059449645247,1.483315483928891,-0.08496923183702165,2.9577872513957714e-06
16.634059449645246,1.5807208814949263,-0.11074310104595497,2.7408528757584982e-06
16.654059449645246,1.3532382318517193,-0.09636031519949029,3.196384210630008e-06
16.674059449645245,1.5608679380384274,-0.11478076993989816,2.7636394903581022e-06
16.694059449645245,1.606542741181329,-0.09427437567501329,2.7212468419885026e-06
16.714059449645244,1.351886346732499,-0.12387501900229836,3.134484140210463e-06
16.734059449645244,1.52700909570558,-0.12654278909758432,2.7959024861918967e-06
16.754059449645244,1.3574591955402866,-0.11285033436433878,3.1426173557928056e-06
16.774059449645243,1.2983386842824984,-0.16759357404953334,3.1502608947953038e-06
16.794059449645243,1.6261200690059923,-0.15240759182779584,2.5951384874616265e-06
16.814059449645242,1.353049917932367,-0.15293266884691548,3.0630947249131768e-06
16.834059449645242,1.445822786889039,-0.11583240705658682,2.9522589213080164e-06
16.85405944964524,1.2729686105594737,-0.1436123118000978,3.2528331865191684e-06
16.87405944964524,1.359080588677898,-0.18335666773782577,2.985764601198592e-06
16.89405944964524,1.1585913342423737,-0.17157412374513115,3.4603159503972887e-06
16.91405944964524,1.5038244315655902,-0.1678947982218233,2.7518215451237403e-06
16.93405944964524,1.178814134618733,-0.1898427623682437,3.3593409483960197e-06
16.95405944964524,1.4657521230401471,-0.16996156593813794,2.809331459975897e-06
16.97405944964524,1.3019301817694213,-0.17863094516724232,3.1020298634686004e-06
16.99405944964524,1.2717117119464092,-0.22156617433938663,3.073939742679765e-06
17.014059449645238,1.4180365909123793,-0.16827485770045314,2.8920740333329262e-06
17.034059449645238,1.2071630723658018,-0.23739632459182758,3.174143968107592e-06
17.054059449645237,1.379020326276077,-0.20138501569090295,2.8997294616638705e-06
17.074059449645237,1.1459421767503954,-0.16685175900056493,3.4889420105573006e-06
17.094059449645236,1.2620566457335372,-0.27273557512671687,2.9826554449274744e-06
17.114059449645236,1.2032081909128465,-0.16782527483883314,3.337114972688103e-06
17.134059449645235,1.1723854008014314,-0.25796536509733414,3.1969870351992066e-06
17.154059449645235,1.166166132723447,-0.239431958507339,3.2515280962041904e-06
17.174059449645235,1.1974522862874437,-0.25763935629220214,3.139239231173643e-06
17.194059449645234,1.2834231716115028,-0.27202819808007916,2.935103000640665e-06
17.214059449645234,1.1961582049261779,-0.23843517649220303,3.180656550939221e-06
17.234059449645233,1.1787824662751518,-0.2624636058972101,3.1642786710458615e-06
17.254059449645233,1.1471205774723785,-0.2557028399387491,3.2491979967418036e-06
17.274059449645232,1.2242407183803152,-0.27072641253471375,3.0472970176593263e-06
17.294059449645232,1.1797457501106692,-0.2433006612554891,3.1995876713876528e-06
17.31405944964523,1.0516439018392703,-0.24372513734851964,3.5130768813429977e-06
17.33405944964523,1.248506143805571,-0.26532422308810055,3.0045001778976697e-06
17.35405944964523,1.171032566955546,-0.2579061413789532,3.1812950474916762e-06
17.37405944964523,1.005053564964328,-0.33232752728508785,3.3972710680691854e-06
17.39405944964523,1.2035227499145549,-0.2927421388467337,3.034899570436e-06
17.41405944964523,1.0873162001371384,-0.31789806406595744,3.2298389371337055e-06
17.43405944964523,1.1276793551951414,-0.2160937660955824,3.375729561975166e-06
17.45405944964523,1.1068780605783104,-0.31014625509124016,3.1995185180582543e-06
17.474059449645228,1.088312485946517,-0.32121674349036766,3.2148216313129816e-06
17.494059449645228,1.029129658578313,-0.26831125118769705,3.4907256604168616e-06
17.514059449645227,0.9974480824312195,-0.37905876654258464,3.288452685818457e-06
17.534059449645227,1.1215083642455284,-0.3544852249251562,3.065201504329386e-06
17.554059449645226,1.0567769585031783,-0.3736363347234146,3.1612019722384028e-06
17.574059449645226,1.0179010847059544,-0.2635030847741291,3.5269382003111602e-06
17.594059449645226,1.0824679435027065,-0.4282299967308063,2.9900521228668956e-06
17.614059449645225,0.95030451893399,-0.3091312023316277,3.5847076657077053e-06
17.634059449645225,1.0529860722308513,-0.4015581111452775,3.1022227109278015e-06
17.654059449645224,1.0417508514219662,-0.3746212409969303,3.184168054511692e-06
17.674059449645224,1.1350003710249439,-0.3058683868730441,3.1283966470865738e-06
17.694059449645223,0.9190429069567472,-0.4452323685400188,3.3022947845903174e-06
17.714059449645223,0.8436842203955166,-0.3686454333801521,3.7142401491238796e-06
17.734059449645223,0.9934359151484387,-0.35475277635850944,3.338213370246637e-06
17.754059449645222,1.0400498905510176,-0.5304424651985755,2.8641958626526965e-06
17.77405944964522,0.9687854041840183,-0.39292960925376974,3.3016144980700053e-06
17.79405944964522,0.8608284420915879,-0.3418165920920728,3.7363596259404208e-06
17.81405944964522,0.8510899488755967,-0.34445460300776176,3.7565964326932888e-06
17.83405944964522,1.0714604979148135,-0.45285133295328706,2.9448437939077073e-06
17.85405944964522,0.8527326326002367,-0.4647290816938039,3.4054325585520632e-06
17.87405944964522,0.9181416802439344,-0.3575972644321155,3.514995853472096e-06
17.89405944964522,0.8456808200280648,-0.5033874411892612,3.322214564719948e-06
17.91405944964522,0.8742849780246615,-0.3910738399717957,3.540169608240419e-06
17.93405944964522,0.897691680569551,-0.5592559615906794,3.07304768513936e-06
17.954059449645218,0.978915565967327,-0.3159641498932615,3.4558920938351366e-06
17.974059449645218,0.7498707140330225,-0.5383986574888695,3.4718463409983286e-06
17.994059449645217,0.9355226863845019,-0.46559714428076404,3.1905448712206525e-06
18.014059449645217,0.805389139248291,-0.4443951560047026,3.5750898403977064e-06
18.034059449645216,0.7786643199797254,-0.3685303357196972,3.8927864478109365e-06
18.054059449645216,0.9778628643252887,-0.3424248219234869,3.380707366569419e-06
18.074059449645215,0.8052817891293671,-0.6117087089805864,3.1483675216718577e-06
18.094059449645215,0.8374893516447628,-0.42979222973735887,3.518498336203499e-06
18.114059449645215,0.8164644516073167,-0.5674321002443321,3.2203746520257325e-06
18.134059449645214,0.931343705567997,-0.3167129511712119,3.5690550860247967e-06
18.154059449645214,0.7110884836874902,-0.43359091674210504,3.889408881020492e-06
18.174059449645213,0.8230405151844025,-0.42978216655319557,3.551856195108914e-06
18.194059449645213,0.7854667502761004,-0.39102180764894,3.7804025468701514e-06
18.214059449645212,0.7747358848428121,-0.6424041207064874,3.1368352193867617e-06
18.234059449645212,0.7944913638930302,-0.3844886393635534,3.7685804566071096e-06
18.25405944964521,0.8284532910474809,-0.5343446820334066,3.258615616764548e-06
18.27405944964521,0.7341901984182186,-0.6272534351446666,3.2602262968672497e-06
18.29405944964521,0.7282894051299991,-0.3367979272734374,4.165255842305393e-06
18.31405944964521,0.7455448043183424,-0.6667149602435529,3.1397148893534617e-06
18.33405944964521,0.7707939910887944,-0.3807392008602619,3.848668850623101e-06
18.35405944964521,0.7168022713613027,-0.6724087711772881,3.1886056721235695e-06
18.37405944964521,0.7511619485426309,-0.4158564241952263,3.7938205288993088e-06
18.39405944964521,0.6965462839871179,-0.6473774848855101,3.2927475713684074e-06
18.414059449645208,0.6272622289543506,-0.35672580648679286,4.494943490312027e-06
18.434059449645208,0.7095194196099328,-0.6579089453443885,3.2328899592685244e-06
18.454059449645207,0.7333455088082701,-0.5887370411637676,3.3421146283407155e-06
18.474059449645207,0.7432325831032358,-0.58035298937466,3.336641972909455e-06
18.494059449645206,0.6339389001950622,-0.48033451318042353,3.961451592291619e-06
18.514059449645206,0.7500347845198121,-0.27319979341700673,4.3117620319199176e-06
18.534059449645206,0.7210961872769985,-1.3313801873009652,2.148505813979844e-06
18.554059449645205,0.6433887283783406,-0.2085603028535843,5.1734807686843325e-06
18.574059449645205,0.654395073041087,-0.6207099221937824,3.4548829917473287e-06
18.594059449645204,0.6354093834961532,-0.4423729366972111,4.085404797805763e-06
18.614059449645204,0.649595671602583,-0.5900691344286315,3.5501504582647465e-06
18.634059449645203,0.6933368414174765,-0.843849771830719,2.8615896738712835e-06
18.654059449645203,0.6485656510121771,-0.4270120571600273,4.087692603333014e-06
18.674059449645203,0.5929535838658921,-0.5385701112913921,3.8836652362273134e-06
18.694059449645202,0.6031881305534625,-0.6263251410273369,3.5723749428666814e-06
18.7140594496452,0.6679135925369337,-0.5142901110230014,3.7134908897406524e-06
18.7340594496452,0.5484869458014145,-0.6170009602865321,3.7649063601240094e-06
18.7540594496452,0.5867653838940896,-0.6360447169863619,3.586665553757285e-06
18.7740594496452,0.6066648351988988,-0.7141933025850449,3.3187761679587853e-06
18.7940594496452,0.5267115573224146,-0.508100452600047,4.234089215598962e-06
18.8140594496452,0.5931972567705088,-0.4642829061776865,4.141273258834219e-06
18.8340594496452,0.5033978535211645,-0.963149469345808,2.984685170125788e-06
18.8540594496452,0.5063692400290165,-0.5691350987181067,4.06792376232996e-06
18.8740594496452,0.5910725103894947,-0.7071841890938231,3.3682905640355725e-06
18.894059449645198,0.5550289783714106,-0.7861848303291481,3.2588234692969447e-06
18.914059449645197,0.5764431225688895,-0.4869049995322712,4.1083762838747334e-06
18.934059449645197,0.5463954150982318,-0.7640255635487847,3.3321473801383973e-06
18.954059449645197,0.5535035575067013,-0.3820179710164666,4.665194894828217e-06
18.974059449645196,0.5036285040259827,-0.9569615081418306,2.9866462709343098e-06
18.994059449645196,0.5169859104953503,-0.6128794538526563,3.859009483504908e-06
19.014059449645195,0.4698567491286667,-0.5415415793977445,4.3089138747881e-06
19.034059449645195,0.5047144802665571,-0.3963530482724309,4.8341670187203454e-06
19.054059449645194,0.4673823828197783,-0.8675036286731483,3.2615650390100553e-06
19.074059449645194,0.4730279241775861,-0.762370067241136,3.5225138080559354e-06
19.094059449645194,0.5126467332738684,-0.6637269251514226,3.69745579680664e-06
19.114059449645193,0.5012135872530052,-1.1382482532644644,2.6517871951418306e-06
19.134059449645193,0.4566273351665586,-0.5534855391961173,4.301898086090539e-06
19.154059449645192,0.47958026472997517,-0.4111091730883345,4.876348363265133e-06
19.174059449645192,0.4534474249221603,-0.6922539555234835,3.7891347229741593e-06
19.19405944964519,0.5192002990224864,-0.6447056226315908,3.728086377585799e-06
19.21405944964519,0.45536670424917247,-0.8347977027879097,3.3616371184872865e-06
19.23405944964519,0.41295869677560404,-0.5422531913791317,4.538234889749623e-06
19.25405944964519,0.4264464137268078,-0.5786478924565017,4.3109235906486535e-06
19.27405944964519,0.4570271000993671,-0.7765230919758324,3.5108606770689994e-06
19.29405944964519,0.38856179761933163,-0.7579122979950625,3.7756984879863413e-06
19.31405944964519,0.3867093698354438,-0.4505628888728097,5.167587496265739e-06
19.33405944964519,0.39344693304155953,-0.7971817929646932,3.6322266667689e-06
19.354059449645188,0.41721961102484784,-0.32547677285037935,5.820099146992032e-06
19.374059449645188,0.4694969180854969,-0.7708650697022676,3.483273024338021e-06
19.394059449645187,0.4019833472666505,-0.7296455958603474,3.816119032278178e-06
19.414059449645187,0.3594709613826126,-0.6086574274813756,4.458505452366646e-06
19.434059449645186,0.3811301075729716,-0.5825786528876051,4.476823202252831e-06
19.454059449645186,0.41550831421045586,-0.6933560055913404,3.888929860992781e-06
19.474059449645186,0.3698398968572292,-0.7145466810179641,3.974838408226944e-06
19.494059449645185,0.39912876252492424,-0.6787507052067667,3.996947170123822e-06
19.514059449645185,0.34623376746458234,-0.9496994177461602,3.3228354239597074e-06
19.534059449645184,0.3476408763672225,-0.4967422552872449,5.097402846781431e-06
19.554059449645184,0.38533319157431833,-1.0772534653078765,2.941447814609715e-06
19.574059449645183,0.3441227403382072,-0.32323859678581357,6.44343835152665e-06
19.594059449645183,0.37482046920922585,-0.9082457378390245,3.349846412040171e-06
19.614059449645183,0.31764687689428683,-0.8739365125657059,3.605337255711778e-06
19.634059449645182,0.3118368721407023,-0.48813852039165795,5.3677202549867395e-06
19.65405944964518,0.32791830796668364,-0.6510536924470216,4.384201296610511e-06
19.67405944964518,0.29848165913426783,-0.8212432012660429,3.83130336321437e-06
19.69405944964518,0.2918582035053987,-0.8513751445570961,3.7507735029557293e-06
19.71405944964518,0.3211106648668647,-0.6579100816743448,4.3778371262032236e-06
19.73405944964518,0.2910850967746228,-1.1308581522025634,3.012781576304991e-06
19.75405944964518,0.29716364556588815,-1.0516299889422953,3.1746945538280004e-06
19.77405944964518,0.2982309985673055,-0.45634215243626386,5.672062815622965e-06
19.79405944964518,0.2766595814318862,-0.6539669239427894,4.596894862404448e-06
19.81405944964518,0.27727183886054263,-1.2021360420621932,2.8903573774610415e-06
19.834059449645178,0.26719154107740906,-0.7078432518756017,4.38345567030554e-06
19.854059449645177,0.2535275650952826,-0.9664563473197632,3.5017154571315048e-06
19.874059449645177,0.25462806395080406,-0.5818837330443785,5.104605037837137e-06
19.894059449645177,0.250735352114134,-0.563629625714384,5.240998588193741e-06
19.914059449645176,0.26238744956208393,-0.8945753325824626,3.6873287294727996e-06
19.934059449645176,0.24347777007278637,-0.8311302023939788,3.968082398219286e-06
19.954059449645175,0.23915676286287635,-0.7032452561834361,4.5226548639204175e-06
19.974059449645175,0.23156399800427607,-0.7627710190718062,4.2844752206409445e-06
19.994059449645174,0.23428119358595723,-0.9303859456558712,3.656172120162566e-06
20.014059449645174,0.2117021319209016,-0.45003563119098544,6.431954157911903e-06
20.034059449645174,0.20288694509508787,-1.3802061905153096,2.6873419739769883e-06
20.054059449645173,0.22486133131315,-0.844885559316026,3.975111105011561e-06
20.074059449645173,0.1954676206005388,-1.1079644172568806,3.2609242340643656e-06
20.094059449645172,0.19359790175803937,-0.7861555881681852,4.336240124656996e-06
20.114059449645172,0.19394522410993886,-0.6435073317261413,5.070737886342095e-06
20.13405944964517,0.1845730694330996,-1.138213393627666,3.2088014163883487e-06
20.15405944964517,0.1859569390908291,-0.7082731681875885,4.7444388191289906e-06
20.17405944964517,0.18320608125941362,-0.7263430968741886,4.662397001929257e-06
20.19405944964517,0.1738471014850802,-1.1213138505117968,3.2727523225630926e-06
20.21405944964517,0.15644819341832772,-0.8861873307032511,4.063551223896033e-06
20.23405944964517,0.16385359035211877,-0.9746241995599121,3.7197699071850514e-06
20.25405944964517,0.16344949265476316,-0.40981130115687847,7.3839938464305535e-06
20.27405944964517,0.13841004941787105,-0.8679601933899903,4.204252398496505e-06
20.294059449645168,0.1461340733221732,-1.1972301823552698,3.1481317446853262e-06
20.314059449645168,0.14445226900352282,-0.45685512688942254,7.0299988304443186e-06
20.334059449645167,0.12381421811733162,-1.2704682709882036,3.0304191924822345e-06
20.354059449645167,0.14732635336986277,-0.5679038944654167,5.90488874753991e-06
20.374059449645166,0.13370164614752866,-1.9038534704595804,2.0718246094699826e-06
20.394059449645166,0.1280630897035735,-0.5470288486685604,6.250304852023918e-06
20.414059449645166,0.11922915128343448,-1.0276243691332638,3.677566006654304e-06
20.434059449645165,0.11668732343241572,-0.72862678184174,4.987176572747496e-06
20.454059449645165,0.10309501702795387,-1.150986715889303,3.36008459242704e-06
20.474059449645164,0.09823240299374447,-0.7910342323593795,4.736404165646067e-06
20.494059449645164,0.09857347238425973,-0.5629800448659807,6.363857733657485e-06
20.514059449645163,0.09134548538622767,-1.0690020894398913,3.6266188297402477e-06
20.534059449645163,0.09671598064596765,-0.7008204213343561,5.274056663120392e-06
20.554059449645163,0.07639964672125643,-0.9520605725701898,4.088024287271927e-06
20.574059449645162,0.07920719136836851,-0.23643314139917493,1.3314115371295674e-05
20.59405944964516,0.07096170471231744,-1.366156629519537,2.9229294570205647e-06
20.61405944964516,0.07525772371445782,-0.6924690674059093,5.469018727178157e-06
20.63405944964516,0.0669892530204379,-1.1345050279051065,3.4930184301458786e-06
16.54196374202687,1.7524368746671826,-0.07063010902902533,2.549563300140958e-06
16.56196374202687,1.565151147369761,-0.07328831656559487,2.835266412250983e-06
16.58196374202687,1.6356329626723891,-0.07785801731370157,2.7095844151430975e-06
16.601963742026868,1.5672931004519342,-0.09205895440027234,2.7964103657281466e-06
16.621963742026868,1.443522760644555,-0.10053645630250685,3.0035155806055107e-06
16.641963742026867,1.3571264872443862,-0.09942420293009491,3.182205677414409e-06
16.661963742026867,1.5009048734791577,-0.11131428075852057,2.873339023872103e-06
16.681963742026866,1.594748827337753,-0.12431729693344096,2.693259912321539e-06
16.701963742026866,1.290944071370177,-0.1009779884116142,3.324398702393777e-06
16.721963742026865,1.4099552274565212,-0.12405870076895553,3.0147793548346766e-06
16.741963742026865,1.450535542826401,-0.14401188403280685,2.8987357006167664e-06
16.761963742026865,1.3589285291236592,-0.13129786002355104,3.0999347751276138e-06
16.781963742026864,1.4224329039570875,-0.13270032400032505,2.9689205474510897e-06
16.801963742026864,1.5150510887324344,-0.16168840374302818,2.75207189088125e-06
16.821963742026863,1.3703967657638714,-0.18391163578780834,2.967205184588029e-06
16.841963742026863,1.3760317539527023,-0.1314835566226975,3.0576222310960633e-06
16.861963742026862,1.4085532915778458,-0.17803149487735936,2.903647785068736e-06
16.881963742026862,1.2569332521525212,-0.14887706549779978,3.2752133423687434e-06
16.90196374202686,1.5080516915768385,-0.1650003153445141,2.75056000913058e-06
16.92196374202686,1.2715054065220102,-0.18412831912428373,3.1596432095656564e-06
16.94196374202686,1.2132657769252546,-0.17997381627174036,3.2993448436698845e-06
16.96196374202686,1.2943793119957263,-0.23170816218771506,3.010480313605013e-06
16.98196374202686,1.216133904250455,-0.1623840887186816,3.3309204839797965e-06
17.00196374202686,1.4616712557326537,-0.20813103203181527,2.7483805180701357e-06
17.02196374202686,1.2974472458590753,-0.21506026932183886,3.0325482062522616e-06
17.04196374202686,1.2206147485994734,-0.20854018155478116,3.207658743378621e-06
17.061963742026858,1.3201309647411108,-0.18213218201708514,3.0499068958137652e-06
17.081963742026858,1.153060360433301,-0.236950133148639,3.294423260707658e-06
17.101963742026857,1.1550691778538749,-0.23954882014004397,3.2817647573790045e-06
17.121963742026857,1.3805941028986126,-0.23030191295401892,2.839610211092623e-06
17.141963742026856,1.2467245166481007,-0.2172729519134009,3.12284655808958e-06
17.161963742026856,1.0984166581765749,-0.24263985947891342,3.407281507914046e-06
17.181963742026856,1.2399271815884276,-0.222387819114374,3.1230569908291998e-06
17.201963742026855,1.0560488579794765,-0.2855710539006395,3.4021977973186734e-06
17.221963742026855,1.3086448054236826,-0.27163738512899727,2.8868331057225853e-06
17.241963742026854,1.244066856947029,-0.22860497390502132,3.096091757809938e-06
17.261963742026854,1.1664821396145726,-0.2825842300662771,3.144829280331889e-06
17.281963742026853,1.1380055620102212,-0.27285207050408644,3.2282776780829607e-06
17.301963742026853,1.1497629069490358,-0.16169132600771263,3.471126610731815e-06
17.321963742026853,1.220110127265798,-0.3111945016862592,2.971167922650769e-06
17.341963742026852,1.0814455774234375,-0.3318692091415869,3.217500240249722e-06
17.36196374202685,1.118086056143511,-0.2593350405750243,3.2995795017858918e-06
17.38196374202685,1.0786214441468474,-0.3141503399092471,3.2614847964148585e-06
17.40196374202685,1.1202213969772856,-0.2563920483516995,3.2979954111938545e-06
17.42196374202685,1.0659694113128353,-0.26803563177236356,3.4015210631756596e-06
17.44196374202685,1.0358903713640757,-0.3034174686058577,3.386270095614397e-06
17.46196374202685,1.2025680032675155,-0.39665042885462753,2.8344120527884365e-06
17.48196374202685,1.0098325553699397,-0.26229613821487874,3.561322086899241e-06
17.50196374202685,1.0968073111143894,-0.39159615809330717,3.042210172658902e-06
17.52196374202685,0.9816677909257123,-0.2965129208653252,3.5406988701960366e-06
17.541963742026848,1.0924209723016247,-0.32376793656294467,3.1939765086851367e-06
17.561963742026848,1.0354243166511878,-0.3303003979489745,3.31025501345046e-06
17.581963742026847,0.9602108150720596,-0.4101100507832598,3.29740996317226e-06
17.601963742026847,1.0973341993812937,-0.3680781521325116,3.0818254700774863e-06
17.621963742026846,0.9410083536058664,-0.3236485589368385,3.5691575934731686e-06
17.641963742026846,1.090431025979342,-0.3233869100222364,3.190933941658742e-06
17.661963742026845,0.9746731465056655,-0.36611787413130514,3.362968842541211e-06
17.681963742026845,0.9906236494643963,-0.31895830103894696,3.441299345451652e-06
17.701963742026845,0.979696895883535,-0.3718900991079863,3.332610242001474e-06
17.721963742026844,0.9535257095849374,-0.47120024281321093,3.159887487739357e-06
17.741963742026844,0.8851088664960116,-0.3535410311742453,3.6326791907648844e-06
17.761963742026843,0.9099597640743013,-0.4177530903980369,3.3872255555746665e-06
17.781963742026843,1.0574637479730882,-0.4673526385158766,2.9478532920818134e-06
17.801963742026842,0.9516997393511701,-0.35530424644821323,3.4373191448650918e-06
17.821963742026842,0.8960900378006045,-0.3714911394927185,3.542384416974893e-06
17.84196374202684,1.0465488417248707,-0.5022294209920801,2.897723936033125e-06
17.86196374202684,1.013441092989524,-0.39203179643482144,3.1915187067553397e-06
17.88196374202684,0.7520593122462742,-0.39055590170028154,3.9237106601940116e-06
17.90196374202684,0.9809299948392436,-0.34695233417733107,3.3745358686333754e-06
17.92196374202684,0.9374185370397754,-0.44188517602015054,3.247045791506155e-06
17.94196374202684,0.8706780960783362,-0.4939007451321231,3.280400233852054e-06
17.96196374202684,0.9122963507543318,-0.36669296136824414,3.4981174820890893e-06
17.98196374202684,0.868528966238955,-0.5561317615793087,3.138815319085521e-06
18.001963742026838,0.9584329062636243,-0.32912846363615245,3.4712585246840333e-06
18.021963742026838,0.7471047535073012,-0.5145395395811647,3.5407476197069725e-06
18.041963742026837,0.8772725042654201,-0.40202563889033627,3.490099044430459e-06
18.061963742026837,0.8640120238887903,-0.5385086306941957,3.181843773491974e-06
18.081963742026836,0.7847751886292826,-0.5428464641736355,3.3596185201040693e-06
18.101963742026836,0.874465667817276,-0.43027482014804264,3.4167861382200862e-06
18.121963742026836,0.8755179948348086,-0.520437881234102,3.1919150608075306e-06
18.141963742026835,0.7343011022312567,-0.41508255270309746,3.874677359139242e-06
18.161963742026835,0.8728298071218887,-0.5729839318082668,3.0787002721815018e-06
18.181963742026834,0.8088131716940552,-0.4971593377413228,3.4066297858770337e-06
18.201963742026834,0.7386636180453934,-0.4490033237270836,3.744050189863614e-06
18.221963742026833,0.8166085449679485,-0.5568705629557371,3.235892987574181e-06
18.241963742026833,0.8036617345060222,-0.40977299970109016,3.660857941113614e-06
18.261963742026833,0.7170326931664022,-0.4415335730082006,3.83227563193638e-06
18.281963742026832,0.7425309457175899,-0.5334764346116572,3.4777919843213585e-06
18.30196374202683,0.7404201183235273,-0.481542937195627,3.6298026326919905e-06
18.32196374202683,0.7337635656585917,-0.494228878254944,3.610156053547465e-06
18.34196374202683,0.7854971406923141,-0.5454836602293653,3.329127847082897e-06
18.36196374202683,0.6694130255200434,-0.598939259245526,3.4917499623896107e-06
18.38196374202683,0.7073764972155914,-0.35581670035026036,4.1634504034993715e-06
18.40196374202683,0.6980102840316249,-0.5899686775810551,3.4350830941994824e-06
18.42196374202683,0.72077523396365,-0.6086539884272497,3.3263212548789035e-06
18.44196374202683,0.6964269646996399,-0.49013164220377803,3.724955602250467e-06
18.46196374202683,0.6547988923703087,-0.49159992578097444,3.853524467147577e-06
18.481963742026828,0.694490546353336,-0.5760289079626091,3.4753332332572017e-06
18.501963742026827,0.6357729297596961,-0.5652278208326607,3.6746680976349197e-06
18.521963742026827,0.6903974075175938,-0.5842119357548654,3.4607220274314296e-06
18.541963742026827,0.6247978194151074,-0.6411013166652992,3.4827939130036577e-06
18.561963742026826,0.7116154557443224,-0.4990638900808335,3.6398391901800978e-06
18.581963742026826,0.6006151162437163,-0.4545484095579013,4.174219975238774e-06
18.601963742026825,0.6082111972791608,-0.6045272957417183,3.6300518223740816e-06
18.621963742026825,0.6440075491045718,-0.4044705232954584,4.196667756222117e-06
18.641963742026824,0.5051118138362654,-0.7207122147665359,3.587745986855292e-06
18.661963742026824,0.5800611692829989,-0.6507048306739307,3.571582098619386e-06
18.681963742026824,0.6451504928845679,-0.4706704138079658,3.937550742439357e-06
18.701963742026823,0.6261570795177249,-0.519262820482254,3.83389414496685e-06
18.721963742026823,0.596657984504418,-0.7606019978993572,3.233904218380926e-06
18.741963742026822,0.6032179105059186,-0.35167616431135684,4.594338024908226e-06
18.761963742026822,0.5343101417529397,-0.6567205150640802,3.6816448311049924e-06
18.78196374202682,0.5872484214924043,-0.7281509031017777,3.3319057093963636e-06
18.80196374202682,0.6121701738011325,-0.5594253271992784,3.7390415182681594e-06
18.82196374202682,0.5683009991616927,-0.8933458629762754,2.995581499880916e-06
18.84196374202682,0.5671241508753155,-0.4130980978370644,4.464637529565701e-06
18.86196374202682,0.6099047153256834,-0.8555138073861599,2.984959326995964e-06
18.88196374202682,0.5107852836663369,-0.5793433843646199,4.01059996948873e-06
18.90196374202682,0.5114314835809637,-0.5599576729582623,4.078752827959066e-06
18.92196374202682,0.5668749150936492,-0.7442596214823425,3.331314384497783e-06
18.941963742026818,0.5029004778189119,-0.6156906658725347,3.902832748323688e-06
18.961963742026818,0.5932205345307011,-0.6404253088403493,3.537108758794537e-06
18.981963742026817,0.48973209876567125,-0.6408640212612227,3.857637210220692e-06
19.001963742026817,0.5537024809309514,-0.943539782660082,2.9115535480861164e-06
19.021963742026816,0.5212421863334384,-0.4508072874741629,4.482490206290312e-06
19.041963742026816,0.5078038453902991,-0.5001062101218849,4.320897839521938e-06
19.061963742026816,0.5187442440801533,-0.841813632810954,3.1993987757426634e-06
19.081963742026815,0.48053874872675806,-0.6716270461620297,3.7762538320072527e-06
19.101963742026815,0.4795849433867261,-0.6688815475790761,3.7866016485165825e-06
19.121963742026814,0.4931904113800556,-0.5852404987090267,4.030550647019217e-06
19.141963742026814,0.4544569794088602,-0.49148231907747686,4.592876519314647e-06
19.161963742026813,0.48902708223613445,-0.7043655043526087,3.6387930718131895e-06
19.181963742026813,0.4768708778283326,-0.5417310504126363,4.261119458052229e-06
19.201963742026813,0.45700725637061623,-0.6388375629321672,3.958866608030765e-06
19.221963742026812,0.4546215875870985,-0.7254094080708455,3.674686414198996e-06
19.24196374202681,0.44711948074109387,-0.6391426555201178,3.98995533788056e-06
19.26196374202681,0.44126673689243034,-0.5035431468859315,4.5851248079377165e-06
19.28196374202681,0.39990995632251725,-1.50284677115269,2.275652016225364e-06
19.30196374202681,0.4289715928316582,-0.5725889718160033,4.321203144989433e-06
19.32196374202681,0.42317612064653076,-0.775602103152778,3.608562048715155e-06
19.34196374202681,0.4400812678504735,-0.6558153711666819,3.945464489238373e-06
19.36196374202681,0.4291406865377212,-0.8208172683371231,3.4575302121747817e-06
19.38196374202681,0.39102819305844605,-0.7730729401519056,3.7107560009978495e-06
19.40196374202681,0.36925950457225554,-0.4846158646978438,5.056522676890933e-06
19.421963742026808,0.39407206752730417,-0.7198140612017596,3.874348795374197e-06
19.441963742026807,0.40363543113926426,-0.8919480425538495,3.3294152099103866e-06
19.461963742026807,0.3294802057207562,-0.7723717202025,3.912958897893892e-06
19.481963742026807,0.386735042273358,-0.42949329991824925,5.279723643761044e-06
19.501963742026806,0.36770016203809064,-0.8957530152401887,3.409234934101351e-06
19.521963742026806,0.3642245456398996,-0.5682179481955245,4.617321893909699e-06
19.541963742026805,0.3598083550132287,-0.632971596729476,4.334650423359903e-06
19.561963742026805,0.3435626944658452,-0.6559964320622385,4.303201923579772e-06
19.581963742026804,0.36759755795355886,-0.8687548152956879,3.47741050456263e-06
19.601963742026804,0.3110186995618278,-0.6610894772165921,4.420587819487305e-06
19.621963742026804,0.32190323907343554,-1.1438526879064739,2.9304016910828985e-06
19.641963742026803,0.34807035412814,-0.5259349837433547,4.912147046320155e-06
19.661963742026803,0.33157015643519117,-0.9299052905989811,3.401758798196436e-06
19.681963742026802,0.3092167618633539,-0.895064797194209,3.561631481303111e-06
19.701963742026802,0.28765634121373296,-0.5644965197425336,5.031034830720041e-06
19.7219637420268,0.2954362139716977,-0.8699922254309058,3.676934591182639e-06
19.7419637420268,0.3080623488604033,-0.7389471177302767,4.090900755107978e-06
19.7619637420268,0.29690240255149547,-0.8677396289131138,3.6759707688984477e-06
19.7819637420268,0.2663192227773834,-0.7419124010484666,4.244290816399809e-06
19.8019637420268,0.29820418820600025,-0.7260625164490193,4.1758698823573496e-06
19.8219637420268,0.26798385818619863,-1.7251331056468189,2.145004360584246e-06
19.8419637420268,0.26253471893505775,-0.6309023653157055,4.7829140675486485e-06
19.8619637420268,0.24758641666994663,-0.5836283056996763,5.1385432881351716e-06
19.881963742026798,0.2518713111476245,-0.3819583912845701,6.7356877192304164e-06
19.901963742026798,0.2645018881885335,-1.365682709729299,2.6176807174191168e-06
19.921963742026797,0.23988861520047067,-0.7948695719096577,4.122040160828767e-06
19.941963742026797,0.2450092547587701,-0.7694186829030514,4.202725506909454e-06
19.961963742026796,0.23640553276709397,-0.7580165253311861,4.285277448528495e-06
19.981963742026796,0.21225548784423154,-0.7151786832837388,4.5926748230789815e-06
20.001963742026796,0.21745960599946557,-1.0070525690098293,3.476859530867372e-06
20.021963742026795,0.2217514776475582,-0.36311203241348267,7.276049793677279e-06
20.041963742026795,0.22029695320452447,-0.8017083197482862,4.16194207454375e-06
20.061963742026794,0.2115820311501011,-1.830228760605678,2.0822543418967815e-06
20.081963742026794,0.20286900154133036,-0.3826104225590825,7.258378108913358e-06
20.101963742026793,0.1877258173917653,-1.0570864541223273,3.412313673523004e-06
20.121963742026793,0.18712678651036185,-0.695308941649273,4.811371020891665e-06
20.141963742026793,0.19686673263640841,-0.6430910094641149,5.052383665308351e-06
20.161963742026792,0.1903699309732474,-1.4970960263162851,2.5137448667477756e-06
20.18196374202679,0.1655058587784879,-1.0119609802495688,3.600879838908452e-06
20.20196374202679,0.17619718906485105,-0.6871020013932139,4.9090462204431485e-06
20.22196374202679,0.17017501402187918,-0.7662687692791224,4.523557514894147e-06
20.24196374202679,0.15555832456084318,-0.4708095716778189,6.759769085983751e-06
20.26196374202679,0.17333569401671411,-1.2143672090023756,3.0497849428156536e-06
20.28196374202679,0.15809745070282588,-0.9288446378195658,3.8918905841730095e-06
20.30196374202679,0.1377242813250632,-0.6165492673171684,5.6058491312924654e-06
20.32196374202679,0.15211294881009962,-0.9325242943887133,3.8966203538621175e-06
20.34196374202679,0.15760017480351962,-1.2977723381482065,2.9026983952257165e-06
20.361963742026788,0.11638064520957414,-0.6861535519128665,5.2615873483182e-06
20.381963742026787,0.12199079971833271,-1.0250931834452786,3.679498628551502e-06
20.401963742026787,0.12521927304260316,-0.6291250826325268,5.592632887902314e-06
20.421963742026787,0.12242378569135326,-0.7122424833942205,5.052182330184831e-06
20.441963742026786,0.11516405845759436,-1.2354793203994632,3.120711159314084e-06
20.461963742026786,0.10538100951089291,-0.7289280588156544,5.049780920462889e-06
20.481963742026785,0.10353749304431403,-0.5998395620845258,5.987086158714262e-06
20.501963742026785,0.09027472564775962,-1.35231820482295,2.9178667535134142e-06
20.521963742026784,0.08808592273453542,-0.33204039093106985,1.0014602888766609e-05
20.541963742026784,0.08263258739134471,-0.8816897202050313,4.3610944609829075e-06
20.561963742026784,0.08090547131746462,-1.1398025443195365,3.443588858718077e-06
20.581963742026783,0.07375370493900846,-0.7058061984134838,5.389891758126494e-06
20.601963742026783,0.07472206370948697,-0.720367991772946,5.282237278570715e-06
20.621963742026782,0.06895644219684982,-0.9100937790935859,4.287808582107125e-06
