temperature,warming_derivatives,cooling_derivatives,heat_capacity
20.655792158754227,1.5198179349536076,-0.08683117647888139,3.8075730984201946e-06
20.675792158754227,1.3276460003835382,-0.07790525482414523,4.350413789682166e-06
20.695792158754227,1.3537880234944168,-0.10003997404419351,4.2040827149280016e-06
20.715792158754226,1.3124032667838037,-0.08356166234079865,4.376372181944031e-06
20.735792158754226,1.170375085901469,-0.08611142872541677,4.860012291963384e-06
20.755792158754225,1.2459967058821348,-0.1274347174767172,4.44416685249497e-06
20.775792158754225,1.186196499504149,-0.08461538377741817,4.800955733342294e-06
20.795792158754224,1.3785312808468007,-0.11040556414445746,4.095853200437332e-06
20.815792158754224,1.079080748546403,-0.10095328602437803,5.165688616531021e-06
20.835792158754224,1.376195833669044,-0.14339473748987075,4.009648261857747e-06
20.855792158754223,1.224972254858585,-0.0936006526753772,4.618888414014018e-06
20.875792158754223,1.140305038949009,-0.1332700461935019,4.779967468613809e-06
20.895792158754222,1.171018346096389,-0.12545082281212672,4.693475900372318e-06
20.915792158754222,1.1374039638321847,-0.12759442075912375,4.808118716479167e-06
20.93579215875422,1.256509979866678,-0.11962098289222922,4.417870082259388e-06
20.95579215875422,1.3104550346033648,-0.1648213275911985,4.119181668227403e-06
20.97579215875422,1.081219140556641,-0.14518953176366267,4.952871658356306e-06
20.99579215875422,1.1996368204636383,-0.2019543886417523,4.331916399853883e-06
21.01579215875422,1.1234905798337422,-0.1770648434467148,4.666383377362235e-06
21.03579215875422,1.032871691393666,-0.11806270503439009,5.2706963058973076e-06
21.05579215875422,1.056610603176523,-0.20974527982616564,4.788214409883694e-06
21.07579215875422,1.17481764544209,-0.19025594454433303,4.43999990336974e-06
21.095792158754218,1.155967997648986,-0.18516754636948463,4.5172760275743895e-06
21.115792158754218,1.0041979217203334,-0.12413498488604091,5.366866036166285e-06
21.135792158754217,1.0946876867528772,-0.2521085951302666,4.494365355456882e-06
21.155792158754217,1.1808016948089062,-0.13900199768249877,4.58427426199826e-06
21.175792158754216,1.1774608603445813,-0.1750738012488,4.471406333623945e-06
21.195792158754216,1.1064276664110366,-0.2196921678551007,4.558501805461397e-06
21.215792158754216,1.0446539168187883,-0.174377397459466,4.956752686894925e-06
21.235792158754215,1.163881148211658,-0.21725129858532455,4.373089271856951e-06
21.255792158754215,1.0770623252828955,-0.2514564428420272,4.544314226456059e-06
21.275792158754214,1.137464284660382,-0.18262248230166733,4.571363398930752e-06
21.295792158754214,0.946828342275694,-0.16499575758643914,5.425281833094572e-06
21.315792158754213,1.1308547856169753,-0.20392785378862754,4.517134694401752e-06
21.335792158754213,1.0369404286593635,-0.22116641514367075,4.790308384779654e-06
21.355792158754213,1.20267945388332,-0.25052929398952983,4.1454187354653786e-06
21.375792158754212,1.0245420124556404,-0.23791232125950046,4.769737530659456e-06
21.39579215875421,1.0293195554986596,-0.16473517916165292,5.040777272981816e-06
21.41579215875421,1.0556872520537581,-0.24906273325086659,4.61111304811311e-06
21.43579215875421,1.185048904386349,-0.27213173659401946,4.127007079579742e-06
21.45579215875421,0.9762769064691383,-0.2950540523597738,4.728278165013066e-06
21.47579215875421,0.9548561986011919,-0.20550386674585752,5.17823468698046e-06
21.49579215875421,1.0274502823522198,-0.2570440194394905,4.675777093477503e-06
21.51579215875421,1.0576307633309625,-0.23451363906497136,4.646117783484858e-06
21.53579215875421,0.976681231870316,-0.267503287162981,4.823146811162809e-06
21.55579215875421,0.767937711905688,-0.23651846070424654,5.971704562694173e-06
21.575792158754208,1.2184787989826873,-0.27450978697743267,4.015946684132487e-06
21.595792158754207,0.9484012277389411,-0.28891906869830564,4.843687741052343e-06
21.615792158754207,1.01101549489249,-0.31601898647204507,4.514284818940188e-06
21.635792158754207,0.8227732594823465,-0.2611891127889976,5.52425950769161e-06
21.655792158754206,1.0444234403548762,-0.3087536880047992,4.42331143148353e-06
21.675792158754206,0.975326994615898,-0.2839662676269654,4.7510557150850325e-06
21.695792158754205,1.0118477505093324,-0.26874407797004096,4.670039081831271e-06
21.715792158754205,0.9293812970863655,-0.21182020765263587,5.238229494083152e-06
21.735792158754204,0.8235919894068502,-0.1634349941741675,6.0538768303958835e-06
21.755792158754204,1.0821950137615204,-0.416417385218665,3.985545810283248e-06
21.775792158754204,0.8552884597447701,-0.2963897599174743,5.183964124621494e-06
21.795792158754203,0.8779310768004507,-0.24587204864656087,5.310345205444418e-06
21.815792158754203,0.9023632368771359,-0.28508656221674755,5.023557835627202e-06
21.835792158754202,0.7364010192686692,-0.292935853209201,5.792761249721621e-06
21.855792158754202,0.7944257649942301,-0.3198614892899059,5.348868233524447e-06
21.8757921587542,0.9012896603016998,-0.29194847380449573,4.992852842087267e-06
21.8957921587542,0.8791469095449429,-0.40486177132697776,4.6379037589771105e-06
21.9157921587542,0.9567500035045668,-0.3703884410278988,4.485308933993175e-06
21.9357921587542,0.883924934460083,-0.2597517770191189,5.202641875825356e-06
21.9557921587542,0.9021474742330611,-0.35490872390801087,4.731408130860273e-06
21.9757921587542,0.8452265926462132,-0.35629943331878167,4.9479646385473355e-06
21.9957921587542,0.7947248086566105,-0.3050111865741201,5.403668002429173e-06
22.0157921587542,0.7518911003135145,-0.2596771803800948,5.872180682762959e-06
22.035792158754198,0.8068764314230066,-0.4270812394679524,4.811878892110909e-06
22.055792158754198,0.9037555758841336,-0.3094907733902801,4.892002779067259e-06
22.075792158754197,0.741054205223918,-0.33431900769937783,5.51684918438201e-06
22.095792158754197,0.8562194875776186,-0.25074847147334367,5.3571410845887754e-06
22.115792158754196,0.8122850693325745,-0.36149240616941825,5.050121629783766e-06
22.135792158754196,0.8162218671495793,-0.4673803957994096,4.616117928224614e-06
22.155792158754195,0.8702069734863471,-0.33620233403053135,4.90942194030055e-06
22.175792158754195,0.7334091567900032,-0.3592780096837487,5.418119655584323e-06
22.195792158754195,0.7629760134732351,-0.3583210843644338,5.277658623494267e-06
22.215792158754194,0.8243190806679195,-0.412455185665749,4.782908420366431e-06
22.235792158754194,0.8681839291821234,-0.3911572495417204,4.695257162961506e-06
22.255792158754193,0.6422398294089362,-0.3725090420630295,5.82455382371124e-06
22.275792158754193,0.8665367773501202,-0.3467135707032867,4.869576732677985e-06
22.295792158754193,0.778337874537101,-0.49276040168479085,4.646042322067355e-06
22.315792158754192,0.6975911127519794,-0.3079911793465726,5.8703454642873255e-06
22.33579215875419,0.8304596962407231,-0.45416971658414695,4.593297149137802e-06
22.35579215875419,0.8026489643671084,-0.4970883889182005,4.5380146644324885e-06
22.37579215875419,0.7949422650854103,-0.4751383313559927,4.642071661894723e-06
22.39579215875419,0.8114321287721395,-0.39888723992044106,4.8692861317254955e-06
22.41579215875419,0.6968353859265335,-0.30200164089910686,5.89780338647491e-06
22.43579215875419,0.6782983063603751,-0.4255997908912832,5.3342767709298754e-06
22.45579215875419,0.7860247035860084,-0.38075732413562946,5.044721447900339e-06
22.47579215875419,0.6878101838228758,-0.4178446102596354,5.321448310563473e-06
22.49579215875419,0.6481623291037977,-0.3908043585252017,5.660668855030298e-06
22.515792158754188,0.7110729643318336,-0.7161141615360975,4.1191610057525365e-06
22.535792158754187,0.7115048964333255,-0.30047899449709803,5.806841516687891e-06
22.555792158754187,0.7437239670252893,-0.47074223007803084,4.836710326176249e-06
22.575792158754187,0.630726779345423,-0.5773792009276804,4.860171046269257e-06
22.595792158754186,0.6982470170769375,-0.16993134445510805,6.760379103891302e-06
22.615792158754186,0.7031744615378557,-0.4449468061211519,5.109902683842653e-06
22.635792158754185,0.6388591676291071,-0.3376210374990478,6.005653231148002e-06
22.655792158754185,0.765899466292467,-0.45566944184247404,4.798779673734247e-06
22.675792158754184,0.5886771668447182,-0.4747573968488723,5.5100812746631815e-06
22.695792158754184,0.6662079205052578,-0.3979381269264195,5.504145038841556e-06
22.715792158754184,0.6919453601949499,-0.4851137777150143,4.974133198476589e-06
22.735792158754183,0.6427282929071225,-0.5775723738770466,4.795928363438934e-06
22.755792158754183,0.6875325906148646,-0.33930323645472527,5.697203221016541e-06
22.775792158754182,0.61527072917022,-0.5308523309795419,5.102158894252499e-06
22.795792158754182,0.7014312112296466,-0.5326415188028477,4.736623316828502e-06
22.81579215875418,0.626627761812415,-0.4170537590398453,5.598431223818545e-06
22.83579215875418,0.6512903345719678,-0.5434215205605142,4.888701628068737e-06
22.85579215875418,0.6498280779633205,-0.4298511325614527,5.407361109012913e-06
22.87579215875418,0.5581516295787878,-0.5095806419849396,5.4656610316464435e-06
22.89579215875418,0.6827360687311739,-0.5102723476011306,4.889759039590149e-06
22.91579215875418,0.5963269565545488,-0.39549214305588976,5.879243900705708e-06
22.93579215875418,0.6570532384794205,-0.4253054255968891,5.385280061911763e-06
22.95579215875418,0.5612090381910093,-0.6399272489361465,4.85077264312477e-06
22.975792158754178,0.6137268129750737,-0.3784576319158077,5.8699891292808486e-06
22.995792158754178,0.5989930125069804,-0.5019524475501385,5.287964983752911e-06
23.015792158754177,0.5829362432632479,-0.3223963475320488,6.42792431375825e-06
23.035792158754177,0.6312327886116691,-0.5961866835132241,4.739272280868215e-06
23.055792158754176,0.5357306730002165,-0.5102557666250505,5.55910272147017e-06
23.075792158754176,0.5907871409726795,-0.6699460081727011,4.6103396534467035e-06
23.095792158754175,0.6184178803814575,-0.4690825492143631,5.3425877944123685e-06
23.115792158754175,0.5038304642075673,-0.39087917609140277,6.491216095263242e-06
23.135792158754175,0.5590698872583744,-0.45697684871265665,5.713752102414301e-06
23.155792158754174,0.45719451748300344,-0.5306372268823907,5.87459476659381e-06
23.175792158754174,0.513265710149426,-0.5021987996587995,5.712418665205409e-06
23.195792158754173,0.52686913117941,-0.7709911939455196,4.467713007494842e-06
23.215792158754173,0.639560047944542,-0.7451700030360371,4.185761855655434e-06
23.235792158754172,0.4808079864596948,-0.418378297239542,6.4434324463925525e-06
23.255792158754172,0.5207953124190681,-0.7035526047693565,4.730297851247655e-06
23.27579215875417,0.467530430178158,-0.4810516778379679,6.103012074228337e-06
23.29579215875417,0.5050913489976665,-0.637964871712029,5.062668524437702e-06
23.31579215875417,0.5269444892765023,-0.6703244537347928,4.831522643197033e-06
23.33579215875417,0.5080870157835307,-0.3016652427613735,7.140872950611693e-06
23.35579215875417,0.5371265108697116,-0.5410063940216787,5.361140351087325e-06
23.37579215875417,0.456961181058432,-0.7810387302888557,4.666987457083101e-06
23.39579215875417,0.4278681684518233,-0.33831077674403787,7.537999789918057e-06
23.41579215875417,0.5348469576128991,-1.0544086759909987,3.632631520151756e-06
23.435792158754168,0.4820624720014166,-0.5572775112232193,5.552436612119699e-06
23.455792158754168,0.4101673705445137,-0.47011655825190246,6.553100006951552e-06
23.475792158754167,0.4695526591494854,-0.49249584204517305,5.993798327184613e-06
23.495792158754167,0.4160377039515879,-1.4571242458187044,3.0771835782002787e-06
23.515792158754167,0.4816767242446076,-0.18491101637482643,8.643686341314928e-06
23.535792158754166,0.43483995614224114,-0.5975465910159983,5.578815214102975e-06
23.555792158754166,0.42200684477575123,-0.47363199334358796,6.428085123257106e-06
23.575792158754165,0.4852765323303174,-0.5402264504227787,5.611848441867407e-06
23.595792158754165,0.45781631536374334,-1.3758812206797302,3.1372207569268486e-06
23.615792158754164,0.43595683289458975,-0.36431505996733904,7.185618494909299e-06
23.635792158754164,0.43451700378136593,-0.6197222217742819,5.452443573750215e-06
23.655792158754164,0.44353151204268215,-0.8072526142350398,4.59389361040229e-06
23.675792158754163,0.39797235613514204,-0.38400176586583257,7.345092012930287e-06
23.695792158754163,0.3993306151824072,-1.1113222429994494,3.8006347477390824e-06
23.715792158754162,0.40180360741487675,-0.5019895915174857,6.350122240351597e-06
23.735792158754162,0.4432824221730698,-0.6573689755314263,5.212328733772246e-06
23.75579215875416,0.41310574074668693,-0.612914482713677,5.589258613042833e-06
23.77579215875416,0.37116574303945526,-0.5616128295660019,6.145580303454509e-06
23.79579215875416,0.4158516083552968,-0.6346999150700867,5.454498621076845e-06
23.81579215875416,0.41359532486239914,-0.7250384687213227,5.030604879439575e-06
23.83579215875416,0.35837641470425297,-0.5524680111557245,6.286225239258681e-06
23.85579215875416,0.3646189939172473,-2.071876827161759,2.3490846616520958e-06
23.87579215875416,0.41163587325718254,-0.2616532356478274,8.497557655310366e-06
23.89579215875416,0.3407269050658215,-0.6848765122704208,5.576327179359842e-06
23.915792158754158,0.4000055701471865,-0.8786645248765126,4.4709517618511045e-06
23.935792158754158,0.36505258591932943,-0.5232208389788866,6.433441949910355e-06
23.955792158754157,0.3466393348062411,-0.8119946472579613,4.930320447478636e-06
23.975792158754157,0.34524564504317823,-0.6159999527735636,5.940426523604744e-06
23.995792158754156,0.36063636912149377,-0.5654329984681681,6.163723158513416e-06
24.015792158754156,0.32963730301707983,-0.7829394811415114,5.128469734740861e-06
24.035792158754155,0.3414170657933937,-1.3899633219698444,3.2942480256511026e-06
24.055792158754155,0.3187957398768049,-0.5776005791558418,6.360372514792387e-06
24.075792158754155,0.34358881012303755,-0.6976829241320956,5.473300033954723e-06
24.095792158754154,0.32062840381513524,-0.5860661611659452,6.283250128905659e-06
24.115792158754154,0.3204365188939846,-0.5165896830148995,6.803644508868167e-06
24.135792158754153,0.2796435044147074,-0.8553786645643413,5.0154224224756095e-06
24.155792158754153,0.34263343198108487,-0.9397330987267196,4.437438750961352e-06
24.175792158754152,0.2870347925199894,-0.5102171234320849,7.134811839549927e-06
24.195792158754152,0.299447404948296,-0.4077563879545778,8.040206037125357e-06
24.21579215875415,0.327259269048227,-0.4892498789122328,6.961189485554928e-06
24.23579215875415,0.2910099254877423,-0.8458645109640202,4.9976642443310416e-06
24.25579215875415,0.29875686954619596,-0.5836258365307003,6.4365650904131764e-06
24.27579215875415,0.28588049220343237,-0.7012370154843666,5.751410205962237e-06
24.29579215875415,0.25714882850297727,-0.7284603624721058,5.758038723917073e-06
24.31579215875415,0.2490453700593207,-0.48851847439073026,7.691532206416988e-06
24.33579215875415,0.3025248683989048,-0.8634784010937437,4.863454233666353e-06
24.35579215875415,0.26004308469055104,-0.9464367311447859,4.698510847876489e-06
24.375792158754148,0.26111535651943996,-0.44231035048142076,8.05557771123581e-06
24.395792158754148,0.26253244217514293,-0.801675220078323,5.32258874350891e-06
24.415792158754147,0.2514743156507393,-0.504558801651001,7.489315125807317e-06
24.435792158754147,0.25095673900068505,-1.2760163515340537,3.7066967054696817e-06
24.455792158754146,0.24748466735036345,-0.47531925106886774,7.827674763531201e-06
24.475792158754146,0.23411579683124728,-0.7160761490813456,5.952176659424345e-06
24.495792158754146,0.26166232660762034,-1.264941435540095,3.7033649222628593e-06
24.515792158754145,0.23034812423429685,-0.767844653245902,5.661642116732549e-06
24.535792158754145,0.2027708898531273,-0.6058102520182729,6.9866496839270726e-06
24.555792158754144,0.21372798627999146,-0.7719461035449058,5.729219493206616e-06
24.575792158754144,0.23821409125230275,-1.8242674097418785,2.7369889350079117e-06
24.595792158754143,0.2134213306235324,-0.363346210680902,9.783591581904575e-06
24.615792158754143,0.1971148613229161,-0.7038666846929118,6.260655532274718e-06
24.635792158754143,0.2039599112176802,-0.7639237879775465,5.825686932139611e-06
24.655792158754142,0.19959679235034855,-0.35035508684813976,1.0249038656147147e-05
24.675792158754142,0.2108966124651488,-1.2042407596018165,3.981474411898328e-06
24.69579215875414,0.18116190295404522,-0.6372031983337365,6.882268364390228e-06
24.71579215875414,0.18263657611987583,-0.6353459871461382,6.882890626823354e-06
24.73579215875414,0.16753742471337318,-0.8991535607492551,5.276111524665924e-06
24.75579215875414,0.18272511010582093,-0.7197072911076248,6.234092643443555e-06
24.77579215875414,0.1873006295063533,-0.6344833925759303,6.843331409907104e-06
24.79579215875414,0.16836193987546721,-0.9674191571502888,4.949559035432146e-06
24.81579215875414,0.17167179610623862,-1.1263901938218623,4.3291562452669005e-06
24.83579215875414,0.15374110917036887,-0.6046433516312391,7.407076443147889e-06
24.855792158754138,0.16135403936732473,-0.6524924417026341,6.8996953192147295e-06
24.875792158754138,0.15839941675949376,-0.8790916376747191,5.410353193363428e-06
24.895792158754137,0.14886777498031734,-0.6690539076153073,6.860179714390876e-06
24.915792158754137,0.12566604316816665,-0.7229514500068035,6.609561482848315e-06
24.935792158754136,0.14233349408277718,-0.9823800508165732,4.985176327534967e-06
24.955792158754136,0.1472809143451741,-0.4438017513602972,9.482266051921789e-06
24.975792158754135,0.1369072638990474,-1.435237199999392,3.5637329008222337e-06
24.995792158754135,0.14445477983099408,-0.3012933870777488,1.2564548886589143e-05
25.015792158754135,0.12227425241144374,-1.7144914800301194,3.0480383507455756e-06
25.035792158754134,0.11979681119737506,-0.529484111815691,8.619439256576802e-06
25.055792158754134,0.12289952311402885,-1.6899657798931003,3.0859235034144937e-06
25.075792158754133,0.11141584216238698,-1.0402633217163384,4.855769327540555e-06
25.095792158754133,0.11361683508584974,-0.7676244052127004,6.3435363853451e-06
25.115792158754132,0.09583225256938022,-1.8359631926286966,2.8927102604784633e-06
25.135792158754132,0.10190692384639988,-0.6438861680580885,7.4900693151629414e-06
25.15579215875413,0.09854542040193337,-0.6740520145976916,7.227536453362379e-06
25.17579215875413,0.10295828364905901,-1.2033398353960365,4.273071515281123e-06
25.19579215875413,0.08458193421029137,-0.6283337487839162,7.826770842258872e-06
25.21579215875413,0.09279278891244758,-1.0992832236224785,4.679039090882927e-06
25.23579215875413,0.09185670654551359,-0.7283709440380335,6.797772446822765e-06
25.25579215875413,0.08214740189032455,-0.9842611085623503,5.226548717820677e-06
25.27579215875413,0.06673770037014037,-0.49098491354379803,9.989882740042936e-06
25.29579215875413,0.06919212664797669,-1.159139109076932,4.534219637465465e-06
25.315792158754128,0.06806417715961288,-0.9490852884482592,5.473608661500285e-06
25.335792158754128,0.06541930356434023,-0.8582734549418092,6.025184748702403e-06
20.6545949193963,1.485634317563381,-0.06826260874368018,3.936913737408111e-06
20.6745949193963,1.5038571428449359,-0.06609210073656868,3.894981722513197e-06
20.694594919396298,1.3248508106044028,-0.11382571274589282,4.248471853281747e-06
20.714594919396298,1.2875159926425113,-0.09145444538307856,4.4304217426223476e-06
20.734594919396297,1.2710808098781854,-0.08440229749248829,4.505194920595398e-06
20.754594919396297,1.3971748830226716,-0.11386740091620595,4.039575839677534e-06
20.774594919396296,1.275998861005064,-0.08446750513394363,4.4847093552827885e-06
20.794594919396296,1.2294843083946034,-0.1427710717834998,4.444215295014059e-06
20.814594919396296,1.2078020205372013,-0.11550760866975907,4.606538131821111e-06
20.834594919396295,1.084258263814263,-0.12575881987140747,5.035618904929434e-06
20.854594919396295,1.193974761175923,-0.13964495874824934,4.56689679017308e-06
20.874594919396294,1.0543253415962681,-0.10779918445041403,5.238496600009511e-06
20.894594919396294,1.3498278020997532,-0.08666637126589194,4.236099319589091e-06
20.914594919396293,1.155830122064799,-0.14951490135717904,4.659629665113814e-06
20.934594919396293,1.1668100505848997,-0.14710884526721202,4.6271744702422526e-06
20.954594919396293,1.225918336713221,-0.12080348667223006,4.512503941608694e-06
20.974594919396292,1.2398379339865642,-0.1337276287158602,4.422360787129454e-06
20.99459491939629,1.1781291502920794,-0.14499143860666663,4.588962044308922e-06
21.01459491939629,1.231654229311971,-0.14466067486500833,4.4096464199425105e-06
21.03459491939629,1.2441523649613373,-0.18816117860842496,4.235385300129582e-06
21.05459491939629,1.1176000980194658,-0.1554499171616044,4.763167896664919e-06
21.07459491939629,1.1361307904589921,-0.17139085233884543,4.635559598042032e-06
21.09459491939629,1.1433322006341768,-0.21317159695900045,4.466215149113389e-06
21.11459491939629,1.164111145568313,-0.1782128306258528,4.511424130227611e-06
21.13459491939629,1.0448529914428946,-0.17773870184464613,4.951063560545397e-06
21.15459491939629,0.9513666389975697,-0.20566484712162492,5.229383389152954e-06
21.174594919396288,1.041343606542796,-0.1641846477650688,5.0167950628538855e-06
21.194594919396287,1.2473352126544341,-0.1730751655595668,4.2559895805887085e-06
21.214594919396287,1.0460038969758898,-0.21873663316728198,4.7777499429821086e-06
21.234594919396287,1.147274781105807,-0.21647961765120272,4.4289243761094294e-06
21.254594919396286,0.9997034735279158,-0.12715122930239886,5.357719650358722e-06
21.274594919396286,1.1920602034660988,-0.30276709981262684,4.037099918104535e-06
21.294594919396285,0.9484472998883575,-0.14888259090366773,5.497128201704764e-06
21.314594919396285,1.0578964087180793,-0.22560156453982927,4.697720538785371e-06
21.334594919396284,1.186106623557862,-0.20842927088597207,4.321815556148587e-06
21.354594919396284,0.9536030285526067,-0.2416523890242388,5.04019780994928e-06
21.374594919396284,1.0033893904765137,-0.17833278398029506,5.095694055359334e-06
21.394594919396283,0.9876585353194969,-0.32792693536612205,4.575231219513704e-06
21.414594919396283,1.1702255212003365,-0.22189429787613335,4.321848512617911e-06
21.434594919396282,1.0787736288039014,-0.23384051044740772,4.581635659282197e-06
21.454594919396282,0.9448764966800809,-0.19589518013526686,5.2695533081946346e-06
21.47459491939628,1.0579547952802386,-0.23285664179275045,4.655017772054277e-06
21.49459491939628,0.8596782351378351,-0.21968233765801415,5.564571735448446e-06
21.51459491939628,0.9649859140627086,-0.27122775599127635,4.856451008896214e-06
21.53459491939628,1.0701801018367405,-0.2687227294227341,4.482054732269272e-06
21.55459491939628,1.0283952420286369,-0.23306255097850226,4.755165931634913e-06
21.57459491939628,0.835371874505654,-0.31296522487537004,5.22138121547301e-06
21.59459491939628,1.0415268932119943,-0.2186409837740939,4.755986634587488e-06
21.61459491939628,1.0670603482285514,-0.2675693612836767,4.488702032565527e-06
21.634594919396278,0.7537224462721497,-0.31473499207641,5.604554373943362e-06
21.654594919396278,0.9585642219244619,-0.26122246544400696,4.907160630204625e-06
21.674594919396277,0.972734143397247,-0.23001844546524808,4.9745224177615265e-06
21.694594919396277,0.8826255117892288,-0.3394340949889738,4.893832511366434e-06
21.714594919396276,0.9260596906606224,-0.22532156636589207,5.192030070483078e-06
21.734594919396276,1.011039775388781,-0.2893994709593244,4.59499404797123e-06
21.754594919396276,0.8818110962747596,-0.25559712533140555,5.251388248472121e-06
21.774594919396275,0.9126830610912293,-0.28853922567577683,4.970291493516183e-06
21.794594919396275,1.154567765071988,-0.21094715991057456,4.37042425845709e-06
21.814594919396274,0.7400439395569265,-0.32636625751911197,5.593887179776915e-06
21.834594919396274,1.0061812235508114,-0.2815509487991221,4.6304995796332455e-06
21.854594919396273,0.8482223967585014,-0.528194643324241,4.330318772607307e-06
21.874594919396273,0.7770224851556122,-0.18577738263411447,6.188000538458364e-06
21.894594919396273,0.9585874729746138,-0.23968072514981031,4.969914300192048e-06
21.914594919396272,0.8845161106728483,-0.3045477580744773,5.006277695854412e-06
21.93459491939627,0.835662536410382,-0.2738386295750388,5.363042659782366e-06
21.95459491939627,0.8842802120052511,-0.4013950585213024,4.6261905016253e-06
21.97459491939627,0.8280520947882906,-0.30411257056402974,5.2512376151237875e-06
21.99459491939627,0.9238443675567396,-0.37606207974022254,4.571704773345037e-06
22.01459491939627,0.8476102417625953,-0.3119475877683726,5.122876083709392e-06
22.03459491939627,0.785614771215478,-0.2785670520970598,5.5796816019285215e-06
22.05459491939627,0.8901531097362749,-0.4637542288983241,4.383866920068229e-06
22.07459491939627,0.7456065077567473,-0.3250736568370485,5.541161606752632e-06
22.09459491939627,0.8404973188298754,-0.35526213675620966,4.95948728620325e-06
22.114594919396268,0.7603203805629164,-0.30151016206946224,5.5827098429698644e-06
22.134594919396267,0.8250526810079464,-0.5543800357263535,4.295514803205251e-06
22.154594919396267,0.8520896956906654,-0.3003198525402695,5.13962636330015e-06
22.174594919396267,0.6994902277947403,-0.44110433786408976,5.1906640208373e-06
22.194594919396266,0.8492726529948413,-0.16491694003343582,5.835158899910765e-06
22.214594919396266,0.7471757500316016,-0.860771049046889,3.678940056954557e-06
22.234594919396265,0.8041500655526761,-0.3195591792173218,5.2621015330237884e-06
22.254594919396265,0.7841415014700033,-0.3698644699397846,5.121836089197556e-06
22.274594919396264,0.7265871405543294,-0.3147335941903293,5.673710621573464e-06
22.294594919396264,0.7387238598894328,-0.5044845349621028,4.7504050039652405e-06
22.314594919396264,0.8853363154921681,-0.3591104564402485,4.743684927702364e-06
22.334594919396263,0.7515792203485034,-0.5053231942874845,4.694733459855795e-06
22.354594919396263,0.7871732463536318,-0.46514240509714,4.709991486463852e-06
22.374594919396262,0.7198973630438559,-0.21411649021320045,6.312478698377835e-06
22.394594919396262,0.6608489867066965,-0.4829916370799765,5.152377202664701e-06
22.41459491939626,0.7384905787839671,-0.41727730746993075,5.097131350918372e-06
22.43459491939626,0.7797574504220393,-0.4423327185359085,4.818522125607576e-06
22.45459491939626,0.715294183100923,-0.27382869040593505,5.950943623560904e-06
22.47459491939626,0.6995946103415918,-0.6163683618069626,4.471120143485237e-06
22.49459491939626,0.7604833834338933,-0.5487578865140676,4.4922158593175645e-06
22.51459491939626,0.6903310025663814,-0.3509366505604703,5.645983010755987e-06
22.53459491939626,0.6577408236917108,-0.4081041720492067,5.513540457632138e-06
22.55459491939626,0.6090442729764618,-0.46660889202030376,5.46100517620477e-06
22.574594919396258,0.7571330163918901,-0.35290787945268676,5.289680344900946e-06
22.594594919396258,0.6513374872738495,-0.3754231592756696,5.7163587406048856e-06
22.614594919396257,0.7342545763822272,-0.3425798176904209,5.44832081729604e-06
22.634594919396257,0.7056057742447592,-0.701688447734341,4.167244167860134e-06
22.654594919396256,0.6727548591734376,-0.3724334391299635,5.60869735563974e-06
22.674594919396256,0.6346140954847215,-0.4178307340189349,5.567757916376167e-06
22.694594919396256,0.737352829251904,-0.623012691619806,4.305736606810327e-06
22.714594919396255,0.6854031906950695,-0.4293611911125481,5.25222968052383e-06
22.734594919396255,0.6704362955988472,-0.31881037109997123,5.9162364589557345e-06
22.754594919396254,0.7369727262994274,-0.40898371720686555,5.105101255134316e-06
22.774594919396254,0.5817884167190641,-0.7797114735003561,4.295173799837771e-06
22.794594919396253,0.5661233496502973,-0.4056404647999443,6.015308818511114e-06
22.814594919396253,0.7390178825589828,-0.38389517832547426,5.203516732735267e-06
22.834594919396253,0.5713833390036598,-0.3931363031733781,6.055595322314219e-06
22.854594919396252,0.6081797967926832,-0.40041753835976124,5.78860871170933e-06
22.87459491939625,0.5679554114612984,-0.5190853207168402,5.368712629832618e-06
22.89459491939625,0.6571572106040549,-0.451604936941294,5.261411030364804e-06
22.91459491939625,0.6781900348141789,-0.5251496640557889,4.8459236422832e-06
22.93459491939625,0.5755950124730589,-0.45972044345762697,5.630099470515959e-06
22.95459491939625,0.628441630899033,-0.45663035547477193,5.369773811686698e-06
22.97459491939625,0.5032058156793937,-0.30758780101314187,7.183395422379902e-06
22.99459491939625,0.6179313392203767,-1.1475212762597948,3.2976845661034984e-06
23.01459491939625,0.5255026287632063,-0.3761256440775469,6.4544679926600205e-06
23.03459491939625,0.5775525601675326,-0.26404850208200514,6.912094769558666e-06
23.054594919396248,0.5224452539841877,-0.8092699988046661,4.3664519428050624e-06
23.074594919396247,0.5785672295605764,-0.17547848727554083,7.708459964827568e-06
23.094594919396247,0.5696155373589136,-1.1211361763998866,3.4364881712258334e-06
23.114594919396247,0.5543748815725849,-0.3947887913091108,6.118950850135341e-06
23.134594919396246,0.5242813137447229,-1.0407239543274045,3.70961210567282e-06
23.154594919396246,0.5917344756308012,-0.4664162681438029,5.484338216991288e-06
23.174594919396245,0.5279974055301864,-0.36423427099362016,6.5015914010833245e-06
23.194594919396245,0.5379790696933924,-0.8028896369505674,4.324506598613724e-06
23.214594919396244,0.6337692655506544,-0.38237740413751453,5.704175792622153e-06
23.234594919396244,0.516862130996742,-0.2650080844759941,7.410408363343933e-06
23.254594919396244,0.5108668236061931,-0.8558532588649541,4.2376509654802025e-06
23.274594919396243,0.505266072213999,-0.3318338470417075,6.915947230623047e-06
23.294594919396243,0.5003678527427837,-0.5918998729030136,5.298231782294557e-06
23.314594919396242,0.4970074614866462,-0.9933119766646996,3.881572747332914e-06
23.334594919396242,0.5160360873087484,-0.20153570221737027,8.058374142140717e-06
23.35459491939624,0.5162725560439867,-0.6895803786464967,4.793434489385882e-06
23.37459491939624,0.4975080466665531,-0.7438942637527362,4.65431929049498e-06
23.39459491939624,0.48559856743668206,-0.49131622799905017,5.91204384391102e-06
23.41459491939624,0.44394779633148573,-0.633200598647818,5.359816145640709e-06
23.43459491939624,0.5284507622709498,-0.36076465423684567,6.490024462723657e-06
23.45459491939624,0.45658235414884984,-0.8945587202906609,4.269535939236059e-06
23.47459491939624,0.4897923705284484,-0.5207261252216995,5.706438752413464e-06
23.49459491939624,0.45388116242247634,-0.48011933418456465,6.171489305076806e-06
23.514594919396238,0.4319047941826284,-0.618742362014018,5.48416950387974e-06
23.534594919396238,0.45502773637417704,-0.5310431153629906,5.840996230728992e-06
23.554594919396237,0.4277595742532867,-0.5723082167023676,5.75696547368664e-06
23.574594919396237,0.46243218978634104,-0.5348812277661636,5.770607807127606e-06
23.594594919396236,0.4026375466492027,-0.8152634986618068,4.723570457700124e-06
23.614594919396236,0.45951134094502777,-0.44387331523466855,6.365619237039026e-06
23.634594919396235,0.41137368287309073,-1.0182190401246771,4.020952703963583e-06
23.654594919396235,0.41138431677245535,-0.6223590150475502,5.558504216415646e-06
23.674594919396235,0.44063241909316275,-0.7726614722050726,4.734068733061414e-06
23.694594919396234,0.40256190380023327,-0.5117753522936255,6.279500197369148e-06
23.714594919396234,0.4053640785641619,-0.6557676690863445,5.408686028311256e-06
23.734594919396233,0.3945608986687148,-0.6779884066199884,5.349008638198839e-06
23.754594919396233,0.41239906317423447,-0.6594259561752551,5.35054218178511e-06
23.774594919396232,0.38613388389399006,-0.6154999081045389,5.723250603164955e-06
23.794594919396232,0.4077363622782286,-0.809458552103024,4.707851287369251e-06
23.81459491939623,0.4094264742161613,-0.5259022050304338,6.124200690909401e-06
23.83459491939623,0.39574616390746087,-0.6081203818903305,5.703853270422752e-06
23.85459491939623,0.37172180828929413,-0.7108064857893623,5.287313139479145e-06
23.87459491939623,0.3818259729305282,-0.3764158950652927,7.545686084542745e-06
23.89459491939623,0.3747076603031019,-0.7614814020926133,5.033699147605241e-06
23.91459491939623,0.40268421210203087,-0.834955895144958,4.619282345706034e-06
23.93459491939623,0.368983512656996,-0.7534781609429047,5.091296413412441e-06
23.95459491939623,0.3677815778646618,-0.3854228254640475,7.584355014932881e-06
23.974594919396228,0.3520383023642353,-1.368761912221089,3.3184293955125467e-06
23.994594919396228,0.36215294286375865,-0.6773391179740429,5.491296098486552e-06
24.014594919396227,0.31083923068945296,-0.3773738578893244,8.290981330438878e-06
24.034594919396227,0.29156694139237516,-0.5084211417124607,7.1297694668979675e-06
24.054594919396227,0.31761726184777217,-0.7874496699951123,5.159442797739791e-06
24.074594919396226,0.320933538787358,-0.587815685197711,6.2716110330257395e-06
24.094594919396226,0.3501508535409812,-0.9244342074962333,4.469789580357269e-06
24.114594919396225,0.3029095069359755,-0.3098994924221188,9.29317028060048e-06
24.134594919396225,0.32488898162409896,-1.3145881274249405,3.472299124654552e-06
24.154594919396224,0.3057270185672678,-0.508474382571876,6.989127236517049e-06
24.174594919396224,0.31085661420365795,-0.7144008030882105,5.548216789506104e-06
24.194594919396224,0.29697389417196973,-0.2726357043720782,9.982607748759572e-06
24.214594919396223,0.31670724009745754,-1.1505570400040597,3.873888269273892e-06
24.234594919396223,0.3164095355896279,-0.4750326045323163,7.17905333651185e-06
24.254594919396222,0.2677660030021798,-0.6685680664959364,6.065837085585497e-06
24.274594919396222,0.2906312786417402,-0.6696588866179809,5.912229368190016e-06
24.29459491939622,0.29833957071241457,-0.5128143586916849,6.996553290010709e-06
24.31459491939622,0.2742392737127375,-1.0163606461137533,4.395747814719734e-06
24.33459491939622,0.26781644283619244,-0.47244111041072756,7.660776959417491e-06
24.35459491939622,0.2133505511446856,-0.6775854058214463,6.362716439906982e-06
24.37459491939622,0.2739587827818468,-0.6666470274794847,6.024464525106579e-06
24.39459491939622,0.2523388133777189,-0.9703847721684724,4.632670816522164e-06
24.41459491939622,0.25078689902147744,-0.5923064877279103,6.716102186043338e-06
24.43459491939622,0.2493030413534143,-1.1382497698068619,4.079222239528031e-06
24.454594919396218,0.22837960832112003,-0.4367333361878991,8.506839373396638e-06
24.474594919396218,0.22029153280891478,-0.5836611364575219,7.035046649169952e-06
24.494594919396217,0.24106368159118574,-0.9656864223070443,4.685060058051734e-06
24.514594919396217,0.2524176329461625,-0.6337682898738421,6.377396118879757e-06
24.534594919396216,0.23884836753131822,-0.7160632759623695,5.9161504689824325e-06
24.554594919396216,0.2214018950726313,-0.7207070512231439,5.994267656091098e-06
24.574594919396215,0.20774652203544974,-0.7967509536538273,5.6198581790697305e-06
24.594594919396215,0.2168404284893768,-0.3659217315725982,9.683180761830985e-06
24.614594919396215,0.22062772169010714,-0.9271431813249364,4.9146129281556624e-06
24.634594919396214,0.19917597556195688,-0.7875679289281834,5.714467421694608e-06
24.654594919396214,0.19685485342051834,-0.961007081437856,4.868098009046889e-06
24.674594919396213,0.20155770782730542,-0.924581723229494,5.003355714527109e-06
24.694594919396213,0.19359543332757312,-0.7220699786557816,6.151105212049053e-06
24.714594919396212,0.19154965798952617,-0.354765139054507,1.0305824117542377e-05
24.734594919396212,0.20048307123943232,-0.9292260924121365,4.981885339079254e-06
24.75459491939621,0.16428818348504137,-0.6200535945827141,7.17285659999225e-06
24.77459491939621,0.17971053767723788,-0.5762673853896558,7.439199026507661e-06
24.79459491939621,0.16800696069549304,-1.0253764198278077,4.710771047054665e-06
24.81459491939621,0.15784488696954213,-0.6398406290682033,7.0449151399486075e-06
24.83459491939621,0.19159418274648488,-0.34759431798011065,1.041849488630293e-05
24.85459491939621,0.14163991107488982,-0.9839350825641304,4.988947143482801e-06
24.87459491939621,0.1525176992363413,-0.5860788348945789,7.5999872714268065e-06
24.89459491939621,0.1524301326062414,-0.7124248194522806,6.488039882194078e-06
24.914594919396208,0.13509985036216676,-0.46085600880905986,9.411965855943464e-06
24.934594919396208,0.1639294999476988,-1.883719809120521,2.7382698065581596e-06
24.954594919396207,0.13324677278433228,-0.7589169340208173,6.282405295646998e-06
24.974594919396207,0.13333793877609423,-0.5442206918960437,8.269139883681104e-06
24.994594919396206,0.12844453928119037,-0.8812673741485924,5.546867721064457e-06
25.014594919396206,0.12444617331766494,-0.6351762838312425,7.3703166554675685e-06
25.034594919396206,0.12849705044936854,-0.7408225855324417,6.437873070617733e-06
25.054594919396205,0.11217821759782964,-0.9247036335000303,5.395481325622589e-06
25.074594919396205,0.11713103079455323,-1.1436373211909086,4.435706591741947e-06
25.094594919396204,0.11340027969254152,-0.8090380470093805,6.060388039940542e-06
25.114594919396204,0.10814603233302478,-0.6455477438867092,7.414466496590213e-06
25.134594919396203,0.11538732310873456,-0.798362516798079,6.113455684983903e-06
25.154594919396203,0.1027302779511956,-0.6119361035525799,7.813586867111737e-06
25.174594919396203,0.09484543815779034,-1.746933159418404,3.0307777334511753e-06
25.194594919396202,0.08222369542636443,-0.39592841267585754,1.1669848866028963e-05
25.214594919396202,0.09298092335666297,-0.9323938416782767,5.439869584177447e-06
25.2345949193962,0.08846665348755778,-2.0038282899186015,2.6649265940177045e-06
25.2545949193962,0.06972293618309777,-0.6075228871777654,8.230047655215232e-06
25.2745949193962,0.08433722619520267,-0.4437857265584171,1.0550027583373157e-05
25.2945949193962,0.077423006783647,-1.6991063349414617,3.135127078498615e-06
25.3145949193962,0.06523416922573233,-0.8406280251219869,6.146185486131881e-06
20.6542103436232,1.433745416405145,-0.023370638187770965,4.198465085218581e-06
20.674210343623198,1.5062387607758865,-0.09270825373823754,3.8243393592664835e-06
20.694210343623197,1.372697206796147,-0.07689520272833761,4.216502638740446e-06
20.714210343623197,1.3545137378096115,-0.08557529206882464,4.242438003035042e-06
20.734210343623197,1.2165893170313211,-0.08425861163050286,4.6944457408786305e-06
20.754210343623196,1.3689214953046758,-0.08908901543327374,4.186551629904108e-06
20.774210343623196,1.2368944953777827,-0.08853457800432807,4.603305544064003e-06
20.794210343623195,1.3722084990004078,-0.12247863136144588,4.080211090991158e-06
20.814210343623195,1.0998705647652969,-0.11653379521521856,5.011396773521908e-06
20.834210343623194,1.3324491940584267,-0.10579489059819025,4.2365691849859915e-06
20.854210343623194,1.2876928129553562,-0.10321800261954195,4.378814283581396e-06
20.874210343623194,1.2714250519056804,-0.18309903412591666,4.185472724947013e-06
20.894210343623193,1.1937797714199405,-0.10736549191642553,4.676774927090969e-06
20.914210343623193,1.0953028416843154,-0.15308307864324888,4.872276833884619e-06
20.934210343623192,1.2280117761984002,-0.11047793595935218,4.542316911266422e-06
20.954210343623192,1.2272248275694437,-0.14013947720013675,4.4444002036725655e-06
20.97421034362319,1.1512348200485576,-0.13333552556287032,4.728776505482526e-06
20.99421034362319,1.2191239098465303,-0.1257179864041973,4.514876127278371e-06
21.01421034362319,1.198668009848916,-0.16967930116516072,4.435368471573589e-06
21.03421034362319,1.2463305206474615,-0.1965740267187357,4.204342040103943e-06
21.05421034362319,1.0293759108753875,-0.14127706228464376,5.179858583280983e-06
21.07421034362319,1.312952688196674,-0.15443099949334282,4.130568865733616e-06
21.09421034362319,1.1462224729184527,-0.12065115311997943,4.7822276617568765e-06
21.11421034362319,1.0593343247310258,-0.19805456069298089,4.816237510461508e-06
21.134210343623188,1.1447432025597664,-0.24729639710858464,4.3484260984343155e-06
21.154210343623188,1.1159314520191401,-0.13839179466594942,4.823754472334907e-06
21.174210343623187,1.282377002935391,-0.18185406194243114,4.130455657659425e-06
21.194210343623187,1.0663402912614401,-0.2757030692009721,4.504553020862243e-06
21.214210343623186,1.250275210593827,-0.13742171286139637,4.354443028216376e-06
21.234210343623186,1.1031751885893755,-0.18779380338673946,4.678695711665273e-06
21.254210343623186,1.088855033100117,-0.26183566785766743,4.46987317326157e-06
21.274210343623185,1.0759029196487973,-0.22753396694315597,4.629899578720759e-06
21.294210343623185,1.0320426917169243,-0.16776919418771286,5.027599268098883e-06
21.314210343623184,1.231958329793997,-0.19136925169732422,4.236254549313055e-06
21.334210343623184,1.074900667561451,-0.23104751099890564,4.615013119231164e-06
21.354210343623183,0.9324172713095322,-0.23621633923175978,5.155056131453606e-06
21.374210343623183,1.055880822619656,-0.16431744094006717,4.935048605804499e-06
21.394210343623183,1.0398436495524948,-0.34197936934651807,4.355964557572322e-06
21.414210343623182,1.0301154971821234,-0.23943627726839622,4.739115121553009e-06
21.43421034362318,1.0044084384244343,-0.17268484475789592,5.109179840405365e-06
21.45421034362318,1.1244324742583558,-0.20610525268830315,4.518033845419099e-06
21.47421034362318,0.9953240796457976,-0.2159502707509091,4.9607664344496856e-06
21.49421034362318,1.0187125399843353,-0.27600059967153356,4.639042533004443e-06
21.51421034362318,1.1329141567111947,-0.22394744760822505,4.424669175561718e-06
21.53421034362318,0.9724936296406668,-0.2779291881597601,4.799208280977452e-06
21.55421034362318,0.9500857961102156,-0.28515297542412554,4.856157950845376e-06
21.57421034362318,1.1703579784953035,-0.24919022532412782,4.223850037906126e-06
21.59421034362318,0.9555104984610807,-0.32212292816257104,4.690989643573606e-06
21.614210343623178,0.9577897743292851,-0.26661699781834614,4.892836405177344e-06
21.634210343623177,0.9825650264247088,-0.26596749128657393,4.796248349151481e-06
21.654210343623177,1.034606428234838,-0.24387477434356697,4.6818998616449515e-06
21.674210343623177,0.8556410674354993,-0.3127764886303339,5.120743594859801e-06
21.694210343623176,0.9659514574086643,-0.2643976531799126,4.860915352704118e-06
21.714210343623176,0.9552604832933866,-0.25053570163436234,4.957784236868407e-06
21.734210343623175,1.0265071629546583,-0.295417290617479,4.520323525306397e-06
21.754210343623175,1.0307364899781533,-0.2599158904486103,4.627903337869186e-06
21.774210343623174,0.9029854324180633,-0.5189044886501506,4.198973577979982e-06
21.794210343623174,0.9129063239670359,-0.1873265439644456,5.424248530506355e-06
21.814210343623174,0.9811674465308897,-0.3318657576892292,4.543241206530461e-06
21.834210343623173,0.9881981428770814,-0.39848456873733085,4.300120426487087e-06
21.854210343623173,0.8896664972198778,-0.3230993698380189,4.914688343992535e-06
21.874210343623172,0.8761781312641688,-0.39042998760123737,4.703788812378087e-06
21.894210343623172,1.0112711563706398,-0.2990253154130187,4.545041243847752e-06
21.91421034362317,0.822907047229819,-0.21969010290922597,5.709632486979869e-06
21.93421034362317,0.9301563378539868,-0.2580836912675295,5.007689181733574e-06
21.95421034362317,0.8290031241485849,-0.4841618564387318,4.529366953084198e-06
21.97421034362317,0.8081724077928811,-0.2883874434046447,5.421790806857235e-06
21.99421034362317,0.9690324375987984,-0.34293880526092835,4.529690369039168e-06
22.01421034362317,0.8027326661976986,-0.2849880324356491,5.461262092318622e-06
22.03421034362317,0.9355359217152,-0.3145712876721518,4.749885673697531e-06
22.05421034362317,0.8236517079349142,-0.36031790025299415,5.013068527084097e-06
22.074210343623168,0.7311717898701318,-0.4809196453425102,4.894741473966121e-06
22.094210343623168,0.8716919853468426,-0.28973651689011604,5.106131456054438e-06
22.114210343623167,0.7446957062056754,-0.4349518500966951,5.025152094074841e-06
22.134210343623167,0.8128009602078237,-0.2773658788064495,5.4353579210871426e-06
22.154210343623166,0.8124156167468755,-0.4817980549414642,4.576509649067482e-06
22.174210343623166,0.8764218323049136,-0.22332711634226143,5.383495638483672e-06
22.194210343623165,0.7761565646942472,-0.5144938518060371,4.585320780592517e-06
22.214210343623165,0.7002267352072522,-0.40493917505955324,5.352663906179385e-06
22.234210343623165,0.859611471532844,-0.3978922531896387,4.702235294236909e-06
22.254210343623164,0.6625152515480295,-0.4314098758623004,5.403183715550864e-06
22.274210343623164,0.8272593471629079,-0.2888773048762232,5.29345795120339e-06
22.294210343623163,0.7643348731508013,-0.39902539663307834,5.076466155490929e-06
22.314210343623163,0.8178090180736035,-0.40948010989814065,4.810041529106722e-06
22.334210343623162,0.8419896730338223,-0.3895853942485701,4.79131558239472e-06
22.354210343623162,0.678330578492023,-0.42802755812590476,5.331398991484653e-06
22.37421034362316,0.760955364239635,-0.3919347844494041,5.1141078014116806e-06
22.39421034362316,0.718142619531136,-0.40725640355958603,5.236868473245587e-06
22.41421034362316,0.736561046949646,-0.394000270505785,5.2108106241615365e-06
22.43421034362316,0.7441582275932888,-0.45850692517706193,4.896366129844339e-06
22.45421034362316,0.6985390670452034,-0.5768460672261426,4.615283071532592e-06
22.47421034362316,0.6861029583087657,-0.33120681322179735,5.783737860096674e-06
22.49421034362316,0.7729936052928679,-0.36809277345309965,5.154247956722345e-06
22.51421034362316,0.7398053581691784,-0.5651752702542581,4.505043936884751e-06
22.534210343623158,0.7066727578130667,-0.4612920804065652,5.031498080455643e-06
22.554210343623158,0.6983898605103604,-0.40868365005007945,5.3060626926893125e-06
22.574210343623157,0.6530807291856036,-0.3240594380768016,6.00919381083161e-06
22.594210343623157,0.6531853678752668,-0.7824110459769145,4.088482592033078e-06
22.614210343623157,0.6565769554290455,-0.3878692800644785,5.6172872593078745e-06
22.634210343623156,0.7057357029843843,-0.4630564724211581,5.017647656740511e-06
22.654210343623156,0.737804492469877,-0.30705237900838256,5.610549603180261e-06
22.674210343623155,0.6214175505447201,-0.8325227844179608,4.030288978248783e-06
22.694210343623155,0.6701496441328345,-0.5697502509792685,4.724115311747626e-06
22.714210343623154,0.677420853273361,-0.47430907713714987,5.083681630614189e-06
22.734210343623154,0.6479888046596898,-0.47125398117350414,5.229121237254021e-06
22.754210343623154,0.6621305085718632,-0.6093004976864904,4.601310214150303e-06
22.774210343623153,0.5970912033226341,-0.2734017763286829,6.717906251258645e-06
22.794210343623153,0.6170421778806485,-0.385897972562816,5.828399869106797e-06
22.814210343623152,0.6545684860757319,-0.5827899732394144,4.722270878578462e-06
22.834210343623152,0.655734540532336,-0.5048521702701692,5.032608428332974e-06
22.85421034362315,0.6619453751918627,-0.45511374884517863,5.226598616962474e-06
22.87421034362315,0.6245979749510298,-0.5379112810769584,5.0202063966375496e-06
22.89421034362315,0.6319920862151776,-0.4662470314069651,5.311868043067157e-06
22.91421034362315,0.6093400101235602,-0.35172608424909413,6.067599412505696e-06
22.93421034362315,0.5633137054101098,-0.40557551255915314,6.016153375175154e-06
22.95421034362315,0.5177888380130753,-0.5677524318452924,5.367484408852688e-06
22.97421034362315,0.6099792243621778,-0.44293869889952475,5.53156359103259e-06
22.99421034362315,0.6027960931278358,-0.49974332147394307,5.28049176755315e-06
23.014210343623148,0.6027410418755608,-0.7313041968736798,4.362379454092903e-06
23.034210343623148,0.6433683748473413,-0.46437428586068563,5.251447549398491e-06
23.054210343623147,0.5101468840730377,-0.49624117396888323,5.778008781687921e-06
23.074210343623147,0.5557620853614935,-0.44777916657039896,5.792075149562307e-06
23.094210343623146,0.5567794956732541,-0.5197824607603252,5.397050129350264e-06
23.114210343623146,0.5557656672463054,-0.6138663990423083,4.9656164720582555e-06
23.134210343623145,0.44997957663144916,-0.5154793970868923,6.013312328648888e-06
23.154210343623145,0.6180229719611816,-0.5830722508544568,4.8316823515436595e-06
23.174210343623145,0.5319906349850498,-0.468159714655485,5.8000949511200624e-06
23.194210343623144,0.5244631926470902,-0.603962576307822,5.138705160330906e-06
23.214210343623144,0.5163650578761008,-0.5085585610358976,5.655376467274267e-06
23.234210343623143,0.5059533057792578,-0.6158086954674218,5.165096639497105e-06
23.254210343623143,0.5500850900716614,-0.4848202770226635,5.596364863319377e-06
23.274210343623142,0.5481185231328709,-0.6915119593031704,4.670276112897699e-06
23.294210343623142,0.5101042178248463,-0.638477512577083,5.0384874338186495e-06
23.31421034362314,0.4943440767383436,-0.7265029887494165,4.73836626300266e-06
23.33421034362314,0.5237671048307675,-0.44814670211053453,5.949617606901728e-06
23.35421034362314,0.463237669900991,-0.6018691273638979,5.426880239392565e-06
23.37421034362314,0.4661746626807144,-0.5210910573950969,5.852435038814252e-06
23.39421034362314,0.5011363271332812,-0.4742869067704305,5.921175294141707e-06
23.41421034362314,0.532246102928184,-0.6887024672469124,4.728564817196947e-06
23.43421034362314,0.4738528912275797,-0.45555174071341753,6.209414535637071e-06
23.45421034362314,0.5115578994445968,-0.5474262619391084,5.447463856625094e-06
23.474210343623138,0.47542794656328624,-0.6286127007915638,5.223082588800287e-06
23.494210343623138,0.415188776794821,-0.6682680017220264,5.3202029927213826e-06
23.514210343623137,0.4279786123515805,-0.551567992893979,5.8822600302984364e-06
23.534210343623137,0.5095973974675871,-0.506732240668498,5.667174620832087e-06
23.554210343623136,0.38545899355085567,-0.6715228777611628,5.447049688991111e-06
23.574210343623136,0.46803969543543644,-0.5139385142829269,5.860779122998403e-06
23.594210343623136,0.44360864436021075,-0.7857272837427445,4.679650380156429e-06
23.614210343623135,0.44215020816773176,-0.8256523529998958,4.535884033981811e-06
23.634210343623135,0.3947097289201338,-0.5002296744205523,6.4232100628584e-06
23.654210343623134,0.42092595279973466,-0.746553425968159,4.921805101407872e-06
23.674210343623134,0.45362650971947005,-0.7983903452986851,4.587690604352095e-06
23.694210343623133,0.37880347392638214,-0.5208165890362579,6.382272414915458e-06
23.714210343623133,0.44557275058468804,-0.8024663261603564,4.5986963300368745e-06
23.734210343623133,0.41921674243349116,-0.545451580779627,5.947267836302674e-06
23.754210343623132,0.3939964486489771,-0.6793332306260709,5.3430720959722556e-06
23.774210343623132,0.44404896328342147,-0.7238012304496806,4.908722276202175e-06
23.79421034362313,0.38176945387385786,-0.5053033668082207,6.4598982673867505e-06
23.81421034362313,0.37192735545977484,-0.7944908771314658,4.910922226210361e-06
23.83421034362313,0.39188762116100406,-0.7961638071574271,4.819616586969996e-06
23.85421034362313,0.34335022847517394,-0.4508472851011902,7.206907654755491e-06
23.87421034362313,0.41034430504078045,-0.4828106421045959,6.405922143070268e-06
23.89421034362313,0.3403297215409111,-1.3012375270482153,3.4840492091811063e-06
23.91421034362313,0.3468039489525836,-0.2815249734558165,9.098806356628863e-06
23.93421034362313,0.3273447555548046,-1.1777150332927704,3.797066588583032e-06
23.954210343623128,0.37997833378904033,-0.521264654933475,6.338580356587006e-06
23.974210343623128,0.35761442151579104,-0.9379267378244549,4.407738252395439e-06
23.994210343623127,0.3129525341500994,-0.623784387455089,6.0936991872222635e-06
24.014210343623127,0.36850584017520305,-0.757499928586185,5.0674522538008295e-06
24.034210343623126,0.3123704813333461,-0.4427371814381331,7.55359802065094e-06
24.054210343623126,0.30899776227306575,-0.8110237441724166,5.090585350664921e-06
24.074210343623125,0.3351012059429195,-0.7813114947639406,5.105091783948717e-06
24.094210343623125,0.32687631803855766,-0.511624853592366,6.794457811798625e-06
24.114210343623125,0.3325196644436801,-0.6118520916206762,6.030453175812206e-06
24.134210343623124,0.33125094197748695,-0.5931154199643061,6.1585815483374115e-06
24.154210343623124,0.2785575015004724,-0.9154674257151783,4.765897378548872e-06
24.174210343623123,0.298470434931005,-0.35299264220520854,8.73172713828335e-06
24.194210343623123,0.3156430570525117,-0.5029782227938995,6.9461069311400596e-06
24.214210343623122,0.30577402833660017,-0.973663603537716,4.44262538360189e-06
24.234210343623122,0.2967178017097467,-0.5995435086078942,6.339481872051252e-06
24.25421034362312,0.286813953978708,-0.5009790766052902,7.209636978736498e-06
24.27421034362312,0.2685676759429043,-0.7537235789895931,5.553701275020916e-06
24.29421034362312,0.2964494146508514,-0.5070686410181224,7.063109832929512e-06
24.31421034362312,0.24911969673121348,-0.5722309538687114,6.907106670619197e-06
24.33421034362312,0.2563454816918238,-0.9797826855210587,4.5877228200108136e-06
24.35421034362312,0.2676342329291401,-0.7158883412193973,5.76380004632831e-06
24.37421034362312,0.26694155987206614,-1.0403773412108421,4.334571784091145e-06
24.39421034362312,0.261728802419384,-0.7852395350346342,5.410391518691529e-06
24.414210343623118,0.23654654555866728,-0.6339264815942443,6.50491471128556e-06
24.434210343623118,0.2609095636216807,-1.1361287536565214,4.051560876071769e-06
24.454210343623117,0.22738186389324255,-0.590031593805179,6.921867165434241e-06
24.474210343623117,0.23637036063155392,-0.7320139880175702,5.840545648905009e-06
24.494210343623116,0.23289442170062102,-0.7293255025579128,5.875735033653547e-06
24.514210343623116,0.2434013020247221,-0.6147876176983118,6.5854916867893996e-06
24.534210343623116,0.21080586111929733,-0.6627970658591948,6.466838062629709e-06
24.554210343623115,0.22525774094810913,-0.7302304595650639,5.910399097655799e-06
24.574210343623115,0.2234996935462732,-0.8831855163443834,5.100969555044441e-06
24.594210343623114,0.20594798270758474,-0.5964491828344762,7.0327140317278675e-06
24.614210343623114,0.21483843900932698,-1.866035488434136,2.7108244259699674e-06
24.634210343623113,0.2098681629547201,-0.5871140350936912,7.075141924766438e-06
24.654210343623113,0.19739321383895003,-0.5787977759755449,7.261899309666444e-06
24.674210343623113,0.20429478745063534,-0.7389702992804814,5.973411473747488e-06
24.694210343623112,0.1671364515350433,-0.7764236899092793,5.9692896456650015e-06
24.71421034362311,0.18888371822959016,-0.6332161040045321,6.848641511128604e-06
24.73421034362311,0.17538184067234397,-1.0655194837599993,4.535512903944674e-06
24.75421034362311,0.1778592887421837,-0.4792196969501674,8.562173810979605e-06
24.77421034362311,0.17445692142791813,-0.6638397016795352,6.708722061380266e-06
24.79421034362311,0.19290234489017166,-0.9326713405316696,4.9945968292665204e-06
24.81421034362311,0.17454479159641778,-0.911162240547128,5.176056819385116e-06
24.83421034362311,0.1554814511036966,-0.539727215655148,8.080385802472792e-06
24.85421034362311,0.1549404526631406,-1.2828965613152832,3.905490652184641e-06
24.87421034362311,0.15682928301976062,-0.39857093757018447,1.010688564316757e-05
24.894210343623108,0.1458269214417669,-0.7869261156301945,6.01580329706638e-06
24.914210343623107,0.14103119791616336,-0.5054934055078775,8.67585244108769e-06
24.934210343623107,0.13916410791352973,-1.3703523282893002,3.7144761915445608e-06
24.954210343623107,0.13594551624373707,-0.7008450157009065,6.6981832781286e-06
24.974210343623106,0.14629176336165983,-1.0844431333243847,4.552445148467594e-06
24.994210343623106,0.12717526627784537,-0.41230520885437727,1.0381807017533786e-05
25.014210343623105,0.10904934437712654,-1.4305959730409086,3.6363537386057435e-06
25.034210343623105,0.13159729063045233,-0.5137338698841631,8.672437730647012e-06
25.054210343623105,0.1266355138432118,-1.397144962567836,3.6714752048518714e-06
25.074210343623104,0.10625920609891182,-0.41319696442224085,1.0765979714479243e-05
25.094210343623104,0.11463671269007136,-1.2739581353962421,4.0259153039315245e-06
25.114210343623103,0.11334581251139753,-0.6394615354947746,7.423255246208366e-06
25.134210343623103,0.10728585522883805,-0.633262379153166,7.543343428454341e-06
25.154210343623102,0.10476865329110296,-0.517632266972214,8.971938152534966e-06
25.174210343623102,0.0878114245206234,-1.792241180781275,2.969100682878774e-06
25.1942103436231,0.09001574449212058,-0.9396181534975767,5.419404712940845e-06
25.2142103436231,0.08700678980676457,-0.5122562912292778,9.307982833972567e-06
25.2342103436231,0.08427326299761262,-1.4428380080498755,3.651239916768434e-06
25.2542103436231,0.08495097697232268,-0.4054063162766397,1.1366853865442893e-05
25.2742103436231,0.07834782481984348,-0.7189507594739553,6.9882863993123705e-06
25.2942103436231,0.06661766826437088,-1.6716510923579335,3.204162313095176e-06
20.662967557468725,1.4047062716272194,-0.06030996319896076,4.174989352435313e-06
20.682967557468725,1.2605082764057443,-0.07859354150241415,4.565522655347722e-06
20.702967557468725,1.54608049034141,-0.09244508336269064,3.7295851926873815e-06
20.722967557468724,1.0441311151953414,-0.08414872245339211,5.413851650831313e-06
20.742967557468724,1.4268545312224887,-0.12188905361108482,3.942282168920361e-06
20.762967557468723,1.359427574367146,-0.0837426921207225,4.228812480991367e-06
20.782967557468723,1.020670408848673,-0.11092095304775285,5.390773910435623e-06
20.802967557468723,1.3300025596399792,-0.10893971120776769,4.237451986310822e-06
20.822967557468722,1.1540824772091582,-0.1379271310288459,4.717276420234607e-06
20.84296755746872,1.4117037080577575,-0.10455862609524047,4.0178150238699e-06
20.86296755746872,1.1323072309605777,-0.13511278588703135,4.8045329006734884e-06
20.88296755746872,1.1986545270192437,-0.11887581754854182,4.61977555735058e-06
20.90296755746872,1.1026631412096322,-0.13487163827812765,4.9161950082228105e-06
20.92296755746872,1.4055627217167057,-0.15264201659010723,3.902757152687559e-06
20.94296755746872,1.1722027824907855,-0.1482351199229015,4.6034930766081365e-06
20.96296755746872,1.2329600200755522,-0.14145405003182532,4.420756083421784e-06
20.98296755746872,1.2576424423314165,-0.09447385746170767,4.491675130647901e-06
21.00296755746872,0.8716574993450195,-0.1448759898194112,5.97188107208626e-06
21.022967557468718,1.4239452079636976,-0.13207710516871884,3.899652612919873e-06
21.042967557468717,1.0780688372906297,-0.16828512260690331,4.866434791910815e-06
21.062967557468717,1.0896661772858351,-0.18401996408647392,4.759934465124492e-06
21.082967557468717,1.2387074353173375,-0.11208223277935758,4.486265913615609e-06
21.102967557468716,1.0729466013144702,-0.22106642764993012,4.68104466828551e-06
21.122967557468716,1.1673390950018074,-0.15085807989089517,4.593154320195524e-06
21.142967557468715,1.2769204051583074,-0.14927006349898875,4.243507299901951e-06
21.162967557468715,1.0318017364479601,-0.19678209157427773,4.923900287867228e-06
21.182967557468714,1.1443459852598608,-0.17104103791643865,4.596970297591437e-06
21.202967557468714,1.0981757762783673,-0.15841869756695814,4.8099413041343905e-06
21.222967557468714,1.1965556280370038,-0.22457816862879554,4.251171381634938e-06
21.242967557468713,0.9698300946038216,-0.212231177228432,5.108773826869329e-06
21.262967557468713,1.150679555204988,-0.18219640368442924,4.528763526981655e-06
21.282967557468712,1.0804208057088545,-0.16328934527700767,4.851335606901545e-06
21.302967557468712,1.0551498187414836,-0.23088443647429813,4.689656598295011e-06
21.32296755746871,1.0375652155198622,-0.2216879136103671,4.787309424035752e-06
21.34296755746871,1.03483305266127,-0.20181411656085402,4.872710174958474e-06
21.36296755746871,1.1238245063723298,-0.25122831866610795,4.380344764603022e-06
21.38296755746871,0.9584564802935347,-0.23836344823939726,5.030495823940593e-06
21.40296755746871,1.072931355185574,-0.20260716356278863,4.718050291918089e-06
21.42296755746871,1.1333131467690691,-0.15360835555475205,4.674286833546769e-06
21.44296755746871,1.1349567759898491,-0.20545414150547003,4.485840614859463e-06
21.46296755746871,0.8271103564184159,-0.1792981844046153,5.972004374901129e-06
21.482967557468708,1.0924399179348256,-0.22614097804762423,4.556162037732217e-06
21.502967557468708,0.954535877390299,-0.20276831515366212,5.1888597784537445e-06
21.522967557468707,1.0035488985013217,-0.29107004968682304,4.636537397145174e-06
21.542967557468707,1.1250891161616892,-0.2308955347398296,4.4247935019616505e-06
21.562967557468706,0.9739264476229437,-0.27544613584905164,4.8003280437308105e-06
21.582967557468706,1.0298313269195205,-0.2390157013433054,4.724638089598375e-06
21.602967557468705,0.957356922182953,-0.27280759779387154,4.871108368636484e-06
21.622967557468705,1.048785232764203,-0.37287718327570474,4.213176492222352e-06
21.642967557468705,0.9227323277737014,-0.20461228193016723,5.310864942534273e-06
21.662967557468704,0.8960362246725708,-0.34184548258781433,4.834531076313975e-06
21.682967557468704,0.9841218544752337,-0.22806217570905574,4.934910040084857e-06
21.702967557468703,0.9834094539837679,-0.2989040450192988,4.663057584264122e-06
21.722967557468703,0.8920551047776826,-0.30692620523041114,4.985036315340442e-06
21.742967557468702,0.9372530567488866,-0.3176946023013443,4.760705719962734e-06
21.762967557468702,0.8906766982690897,-0.3645263042708393,4.757700999690057e-06
21.7829675574687,0.9043652607961121,-0.2638854954566341,5.109653505910608e-06
21.8029675574687,1.0753234210424125,-0.2448984997754451,4.519598016531583e-06
21.8229675574687,0.8011387579608709,-0.3043330964355846,5.395266146803818e-06
21.8429675574687,0.982320080336649,-0.36419522695359774,4.427582827692982e-06
21.8629675574687,0.8309583137161098,-0.23298983101267368,5.601098194607086e-06
21.8829675574687,0.963550065207528,-0.41081987495999783,4.3341660315927546e-06
21.9029675574687,0.9213906466029584,-0.30855716329824645,4.841046600047722e-06
21.9229675574687,0.9804239288787358,-0.2897253674454987,4.685857140227459e-06
21.942967557468698,0.8881474434383563,-0.30315839788818266,4.993886416200272e-06
21.962967557468698,0.786581868887879,-0.3551456811837852,5.2085490882891605e-06
21.982967557468697,1.0400850931182504,-0.2992591244983487,4.43816439766696e-06
22.002967557468697,0.8200712789257523,-0.2579698405752424,5.511591718652873e-06
22.022967557468696,0.7395564618054777,-0.403766743169399,5.194705783630404e-06
22.042967557468696,0.8344966694057803,-0.3828586564050056,4.8767716625288894e-06
22.062967557468696,0.7712280774285318,-0.29121271712938324,5.585498321547531e-06
22.082967557468695,0.7862964448722778,-0.3803891512216069,5.0843231119838095e-06
22.102967557468695,0.8176973430527141,-0.35911733645480126,5.0384439936855255e-06
22.122967557468694,0.7758135637122905,-0.28674535546451807,5.577901048263674e-06
22.142967557468694,0.7478133619879372,-0.5699774368840735,4.495678411130846e-06
22.162967557468694,0.8353989745082799,-0.3357791389571503,5.056345565034468e-06
22.182967557468693,0.9309264004114084,-0.32055278336338233,4.7299399921608385e-06
22.202967557468693,0.6687729589175433,-0.3789562689680679,5.6474179518275714e-06
22.222967557468692,0.8657079961849377,-0.3224502303346526,4.977862508445122e-06
22.242967557468692,0.8446756653138436,-0.5903603195911273,4.119796712836904e-06
22.26296755746869,0.7777954275370575,-0.3892900180944707,5.063548849024246e-06
22.28296755746869,0.7664654222098761,-0.33995600006892346,5.338940124078295e-06
22.30296755746869,0.7461899192421697,-0.5136925428523682,4.686696212950499e-06
22.32296755746869,0.7725409325039436,-0.2249076368752867,5.917341008512537e-06
22.34296755746869,0.8152669829432853,-0.6662625502794981,3.982247549655999e-06
22.36296755746869,0.691207958443556,-0.3217710591852665,5.82178173844191e-06
22.38296755746869,0.7780006575630978,-0.5054613049142063,4.5929875926411385e-06
22.40296755746869,0.7772536172997206,-0.45425668673124164,4.784757879390866e-06
22.422967557468688,0.7847604482085444,-0.3487180348020047,5.196462733248309e-06
22.442967557468688,0.6567170154303312,-0.4016818720047013,5.562795126619059e-06
22.462967557468687,0.6722055475693196,-0.41482535684190225,5.414040467366882e-06
22.482967557468687,0.6683725497277919,-0.4058771583950147,5.476205890752666e-06
22.502967557468686,0.7497823352750856,-0.2616327260620892,5.814017521239201e-06
22.522967557468686,0.6473104420583695,-0.5207285074138781,5.032346933148325e-06
22.542967557468685,0.6512641564477235,-0.5370280539791565,4.9445246105911316e-06
22.562967557468685,0.7215077161527006,-0.4520302989094489,5.004650693479181e-06
22.582967557468685,0.6511532039439771,-0.40444110342650674,5.561553611463143e-06
22.602967557468684,0.7796924789436162,-0.42946985727758147,4.8532342158309254e-06
22.622967557468684,0.6288635427481495,-0.427721876418218,5.551793478552154e-06
22.642967557468683,0.5926306896726601,-0.5193889621004928,5.272883698347487e-06
22.662967557468683,0.8333981983596459,-0.2800425075693056,5.264001877300822e-06
22.682967557468682,0.6155509960663039,-0.6417272354010493,4.659872255937217e-06
22.702967557468682,0.6217469753464684,-0.34257162018911913,6.073057014943433e-06
22.72296755746868,0.7078554705076385,-0.4239615884725936,5.172222423907008e-06
22.74296755746868,0.6486231496965047,-0.437355202389881,5.388330584768152e-06
22.76296755746868,0.7164713412639685,-0.6969073904911056,4.138468960777786e-06
22.78296755746868,0.5864160510827787,-0.3171435029944405,6.470920487171174e-06
22.80296755746868,0.6332524577446748,-0.8407273532357067,3.9651054060042765e-06
22.82296755746868,0.7120528330560774,-0.17888433509506285,6.5572470795516e-06
22.84296755746868,0.6001504797459347,-0.39459184068255126,5.8706151050498346e-06
22.86296755746868,0.565226590319071,-0.5996553248696728,5.0111262137676595e-06
22.882967557468678,0.5494785720657092,-0.38029243450728245,6.275752969825625e-06
22.902967557468678,0.6989846979267895,-0.5309824628930073,4.742154592644809e-06
22.922967557468677,0.5382139387656935,-0.6829074576962739,4.774546832580069e-06
22.942967557468677,0.680362384300679,-0.46822993201203644,5.073998270129632e-06
22.962967557468676,0.5651631541695679,-0.45220639323815703,5.72613814595774e-06
22.982967557468676,0.6106066591964918,-0.6507030876746285,4.616838031578976e-06
23.002967557468676,0.573042966396315,-0.7452607961022295,4.415474459466371e-06
23.022967557468675,0.5934965307824314,-0.4010706988919992,5.850377394543714e-06
23.042967557468675,0.5894517487904523,-0.4470208082930185,5.6115698627608295e-06
23.062967557468674,0.488347526115831,-0.5342544473242015,5.685376059238338e-06
23.082967557468674,0.6236666353070177,-0.5247444011547486,5.060542113924711e-06
23.102967557468673,0.5217486334440764,-0.8065400350606069,4.3734781079468245e-06
23.122967557468673,0.5927197705605067,-0.3789775378536433,5.9760503165232495e-06
23.142967557468673,0.5208201291388832,-0.6128022925113328,5.120395607946863e-06
23.162967557468672,0.5965619670168962,-0.45001310631232627,5.544056933804899e-06
23.18296755746867,0.5028089552652091,-0.534192241189885,5.5930089015573134e-06
23.20296755746867,0.5074527132383082,-0.5370125983608887,5.550801043630677e-06
23.22296755746867,0.5747586626384873,-0.6308535487623885,4.8069547669491296e-06
23.24296755746867,0.5125502872106154,-0.6339500807807781,5.0527852089370334e-06
23.26296755746867,0.531711634099338,-0.4021556207444519,6.200785302535332e-06
23.28296755746867,0.5478196541662328,-0.5619946391670965,5.215644594097716e-06
23.30296755746867,0.47415320042637177,-0.5249118289211765,5.791516225825708e-06
23.32296755746867,0.4693763061950449,-0.7501618016394787,4.742624526460365e-06
23.34296755746867,0.5530739594250917,-0.6014487140273559,5.00769340636139e-06
23.362967557468668,0.4766411844684626,-0.5058656824403442,5.882119994111099e-06
23.382967557468668,0.49178659496828914,-0.5095027117058635,5.769483820187882e-06
23.402967557468667,0.4824834225801169,-0.7609476320212707,4.644108693986363e-06
23.422967557468667,0.4722370187519118,-0.4685896983137354,6.135392199288356e-06
23.442967557468666,0.5028096662717871,-1.1134151665028185,3.5700887749294082e-06
23.462967557468666,0.41340850651613437,-0.3351901643909514,7.70480529981089e-06
23.482967557468665,0.48521879213512875,-0.7046123171458021,4.845658579238774e-06
23.502967557468665,0.4854211691999808,-0.4294298845343292,6.299632454161687e-06
23.522967557468665,0.4008754115784541,-0.3525517415255308,7.646360021630635e-06
23.542967557468664,0.5027936400438193,-0.5663725531630917,5.386143943228557e-06
23.562967557468664,0.4307314545912959,-0.5771569955395535,5.711370995035837e-06
23.582967557468663,0.4563428059918806,-0.4065519659779966,6.66842360975793e-06
23.602967557468663,0.39545102676493116,-0.6625571838812903,5.436556768537034e-06
23.622967557468662,0.44886971966570854,-0.6438369759125635,5.261823135498597e-06
23.642967557468662,0.43316672139189905,-0.5148967597051524,6.062243240496915e-06
23.66296755746866,0.4187300673838763,-0.6167110185274396,5.548497697526159e-06
23.68296755746866,0.40758513860055245,-0.7343544894829392,5.029077842663979e-06
23.70296755746866,0.41727547410846455,-0.414732699515298,6.8997086738544045e-06
23.72296755746866,0.43805553717538714,-0.9690801179967821,4.078055739723177e-06
23.74296755746866,0.38471120411122683,-0.8825799159531016,4.5263206883964765e-06
23.76296755746866,0.40059354574623285,-0.5351115805096924,6.1278980567847506e-06
23.78296755746866,0.4199044465494808,-0.5758889675962564,5.755879157944156e-06
23.80296755746866,0.38034471761784516,-0.5728931253252085,6.010498820361424e-06
23.822967557468658,0.38293211353811785,-0.7764252970082453,4.939976088764138e-06
23.842967557468658,0.3721187255541736,-0.715799646335654,5.262329866510246e-06
23.862967557468657,0.36730682150664506,-0.6062850817106664,5.877979021175885e-06
23.882967557468657,0.3774845940351952,-0.5508128637447953,6.162346280895691e-06
23.902967557468656,0.3769814807892544,-0.7866918255676865,4.914015766334881e-06
23.922967557468656,0.39856707412400283,-0.5738493831013329,5.878216814375856e-06
23.942967557468656,0.3333565863140393,-0.6030597942881286,6.101826565922784e-06
23.962967557468655,0.3969715728890151,-0.9161304971203208,4.34973417280264e-06
23.982967557468655,0.31631692245719023,-0.4750608366448432,7.214553265262707e-06
24.002967557468654,0.33706484237336554,-0.47731413959991187,7.008059805648637e-06
24.022967557468654,0.3791309881780762,-0.6464550637174398,5.562678061751502e-06
24.042967557468653,0.2898098930309061,-0.4882946629077196,7.329108173517984e-06
24.062967557468653,0.3046640189277241,-0.7369045036612079,5.473097605329727e-06
24.082967557468653,0.3283951182929741,-0.6463199044810608,5.84623860460741e-06
24.102967557468652,0.3115418470624718,-0.7123049013316631,5.563532040664484e-06
24.12296755746865,0.3234357368055498,-1.1049304070184007,3.986394961793404e-06
24.14296755746865,0.31002211818486103,-0.7212289469316602,5.5193459679454466e-06
24.16296755746865,0.30510702183892136,-0.5114876591833308,6.967515713317315e-06
24.18296755746865,0.31320123546902323,-0.6563785819453187,5.865896314101801e-06
24.20296755746865,0.29473520279861987,-0.6586657632142305,5.963150920421283e-06
24.22296755746865,0.2937671309628058,-0.5348065767902881,6.858889027280501e-06
24.24296755746865,0.28853969419333225,-0.684895206883084,5.835940932985584e-06
24.26296755746865,0.3022690387442708,-0.6034180683127488,6.270073153855897e-06
24.28296755746865,0.2856396815259359,-1.0466386370826513,4.260792980472166e-06
24.302967557468648,0.2640508851618506,-0.516844263067469,7.2665200289400186e-06
24.322967557468647,0.27562378930088016,-0.9174395706504583,4.754318837869174e-06
24.342967557468647,0.27631295780156506,-0.4192075878381729,8.152219404156448e-06
24.362967557468647,0.25559733014233643,-0.710700245865155,5.865558339703688e-06
24.382967557468646,0.26447639032267034,-0.4584831134416163,7.836879509608342e-06
24.402967557468646,0.2400984538544435,-1.2385675285477191,3.830183762566713e-06
24.422967557468645,0.24569170429822407,-0.38681994564831257,8.950670661543665e-06
24.442967557468645,0.23614751599961892,-0.7701327403192408,5.623912858097549e-06
24.462967557468644,0.23358244254632154,-1.1340221117716283,4.136502754406877e-06
24.482967557468644,0.245562193216756,-0.7033959404507186,5.959103254229286e-06
24.502967557468644,0.24898975594260264,-0.5861956528387964,6.7683276656768945e-06
24.522967557468643,0.2259365588251967,-0.7167319161235355,5.994304296414039e-06
24.542967557468643,0.23184468004001246,-1.0862493093591183,4.2853495590736285e-06
24.562967557468642,0.23069757387202117,-0.559416787349619,7.146269451881398e-06
24.582967557468642,0.21628689197314088,-0.7021159727592021,6.145714160950232e-06
24.60296755746864,0.22806357420631684,-0.8340583696262911,5.312081283199375e-06
24.62296755746864,0.1888308394845808,-0.5282535202568397,7.865125343574665e-06
24.64296755746864,0.20528850533719378,-0.8019417191535467,5.597356468766589e-06
24.66296755746864,0.17770612821914256,-0.7952894468326122,5.792119681565831e-06
24.68296755746864,0.20758120127720758,-0.9843438573298045,4.726460257758227e-06
24.70296755746864,0.18379982580518117,-0.9750604197033681,4.859467183933886e-06
24.72296755746864,0.18702116789791035,-0.7078732037043665,6.290500403643175e-06
24.74296755746864,0.18520136936058407,-0.4628596785478294,8.68313279876827e-06
24.762967557468638,0.16665937651123386,-1.3483510573860258,3.712903242412581e-06
24.782967557468638,0.18404285144788446,-0.8988158682914218,5.192729345791814e-06
24.802967557468637,0.16636834516884846,-0.544449468376115,7.907590490086695e-06
24.822967557468637,0.1662245995576086,-0.8371235216036439,5.599995098353261e-06
24.842967557468636,0.16919821003830293,-0.9186332212993875,5.163153038694527e-06
24.862967557468636,0.16915805576718412,-0.9695959247183055,4.930442109011838e-06
24.882967557468636,0.1447786223870935,-0.691894157207571,6.708037839938843e-06
24.902967557468635,0.15343831641985162,-0.8009484362555668,5.87848191058077e-06
24.922967557468635,0.13511007758643245,-0.6938259722664952,6.765602005290254e-06
24.942967557468634,0.13998618046753109,-0.6962596271187067,6.70392862555984e-06
24.962967557468634,0.1353246113503701,-1.008444336708635,4.899635240233892e-06
24.982967557468633,0.14153662040189374,-0.6476199019234627,7.0986597036100775e-06
25.002967557468633,0.12330547259625746,-0.8930747273843735,5.509622853798338e-06
25.022967557468633,0.12137980484840227,-1.0214337098877877,4.898247953059308e-06
25.042967557468632,0.12169005587202264,-0.7220964415173512,6.631648613740458e-06
25.06296755746863,0.11695996881280735,-0.6614602430490777,7.18586660792011e-06
25.08296755746863,0.10285358836699743,-0.6893474175594747,7.058213304255556e-06
25.10296755746863,0.1098467914766843,-1.0804817093303427,4.695716854241063e-06
25.12296755746863,0.09922279762395192,-0.5132790349889547,9.122225849302422e-06
25.14296755746863,0.10599219191499287,-0.8127147481427528,6.079527657522015e-06
25.16296755746863,0.10252914457305451,-0.9500011596828699,5.304563165459709e-06
25.18296755746863,0.0882826126726286,-1.148110348789487,4.514066889596791e-06
25.20296755746863,0.09200067481651786,-0.3036116664297879,1.4102436725321207e-05
25.22296755746863,0.08719724286993369,-0.8086020045448095,6.225755928163557e-06
25.242967557468628,0.08127921576851804,-1.1755903605371714,4.435593577616417e-06
25.262967557468627,0.07799045668980398,-0.6902051265351474,7.254538449019227e-06
25.282967557468627,0.07754206686513498,-1.3669113460928202,3.856713433142766e-06
25.302967557468627,0.07176761676782917,-0.7001518020406365,7.214223717335941e-06
25.322967557468626,0.06306085749383783,-1.0672900766367093,4.9247821627281385e-06
20.661461543874495,1.3384666373458458,-0.07033943399437703,4.341712705289146e-06
20.681461543874494,1.342463888693601,-0.09353551156891626,4.257637316699772e-06
20.701461543874494,1.1619008260313421,-0.06858127368468558,4.966534071713849e-06
20.721461543874494,1.3294970160677622,-0.09098387585981982,4.3002932674624685e-06
20.741461543874493,1.4026832584640943,-0.12494535383302718,3.996906551117082e-06
20.761461543874493,1.3235382762504742,-0.0825652059429558,4.340412127425358e-06
20.781461543874492,1.2905519331125106,-0.12720266525866464,4.302819999035117e-06
20.801461543874492,1.2439251254836563,-0.10360224267787999,4.525079000587031e-06
20.82146154387449,1.2276131430116948,-0.10708492941557779,4.566538594876649e-06
20.84146154387449,1.386907591309864,-0.13629120074620005,3.99964480211399e-06
20.86146154387449,1.2056038075243123,-0.11607177543191938,4.607453351619844e-06
20.88146154387449,1.2277795099289506,-0.10518679545202758,4.566393054343895e-06
20.90146154387449,1.2366238787653856,-0.12826370100083295,4.457644012650071e-06
20.92146154387449,1.109389521065168,-0.1698802758619422,4.7539034995159045e-06
20.94146154387449,1.1235297400853597,-0.12505853683978785,4.868557528362728e-06
20.96146154387449,1.2238085571152624,-0.1534415026944771,4.411808295363761e-06
20.981461543874488,1.066850827075541,-0.13453177356564083,5.055425672167185e-06
21.001461543874488,1.1994806452130433,-0.15317769010925986,4.488068766840462e-06
21.021461543874487,1.126379805507895,-0.1382534834119724,4.798344467417495e-06
21.041461543874487,1.1279196501127444,-0.14399677716573933,4.768767598319148e-06
21.061461543874486,1.2765643628663383,-0.15782535429752897,4.226761651649931e-06
21.081461543874486,1.0428000060492195,-0.16083136526140152,5.0349322738524365e-06
21.101461543874485,1.303716509079095,-0.1583816999118426,4.14303200830817e-06
21.121461543874485,1.0893470665323548,-0.23130750248674303,4.584753925117095e-06
21.141461543874485,1.199088348657824,-0.23193893759162165,4.229316115952409e-06
21.161461543874484,0.9325101473368704,-0.1836317789820896,5.420110702104312e-06
21.181461543874484,1.203534038970247,-0.14601910451892763,4.480726026954654e-06
21.201461543874483,1.1772535825439263,-0.2188456237072387,4.329470282446336e-06
21.221461543874483,1.058346082427306,-0.2346625298669096,4.6725911123172154e-06
21.241461543874482,1.16680046194233,-0.1708558167429146,4.514670102228468e-06
21.261461543874482,1.130695588157323,-0.2723010038607754,4.302555968618263e-06
21.28146154387448,0.9493375874590129,-0.12876364024123177,5.59672518902448e-06
21.30146154387448,1.1001578329014592,-0.20396112464368343,4.624750699086143e-06
21.32146154387448,1.0176705490157474,-0.24682460364419967,4.767633922312174e-06
21.34146154387448,1.0701127624779474,-0.2017264243477257,4.7380437805726555e-06
21.36146154387448,1.0953726857806032,-0.2993458487908356,4.318738583015427e-06
21.38146154387448,1.150685096916277,-0.15384535561315715,4.615327190584749e-06
21.40146154387448,1.0667795751360245,-0.27658594436070416,4.479966010875803e-06
21.42146154387448,1.0304277370742057,-0.19469284094520845,4.910225913576209e-06
21.44146154387448,0.8618040063884109,-0.24840346713608596,5.4161429670234215e-06
21.461461543874478,1.1074083650601096,-0.2803620491467882,4.331020456203684e-06
21.481461543874477,1.0168373941078244,-0.2455839787289733,4.759010807897874e-06
21.501461543874477,1.0290795539476676,-0.2379668077446695,4.739598887924658e-06
21.521461543874477,0.9871343297127169,-0.2792432950591319,4.74008104113015e-06
21.541461543874476,1.0612793462933041,-0.24363542180799413,4.598116342293622e-06
21.561461543874476,0.9704847602697555,-0.3291666411678307,4.614745522971922e-06
21.581461543874475,1.0708538777835201,-0.1990677507710643,4.720781608320841e-06
21.601461543874475,0.9109569215215743,-0.356623578350991,4.727484065832016e-06
21.621461543874474,0.9930293621027886,-0.2965112790116109,4.644983184752826e-06
21.641461543874474,0.9887299803085625,-0.14198739710263908,5.295182672889436e-06
21.661461543874474,0.9918071111460449,-0.39190652599791065,4.325139585543836e-06
21.681461543874473,0.845809826743789,-0.19954991625854746,5.722666068655901e-06
21.701461543874473,1.048459570389241,-0.19016093498794362,4.827732963207268e-06
21.721461543874472,0.9554397396568675,-0.32200008692416304,4.679016816102718e-06
21.741461543874472,0.904499837080948,-0.30850361561897444,4.92546775661173e-06
21.76146154387447,1.017576735408511,-0.33258681201550644,4.423217055353277e-06
21.78146154387447,0.9207370331860147,-0.24510451720561832,5.120389312917302e-06
21.80146154387447,0.8586553421337157,-0.23642690185806714,5.448948586768398e-06
21.82146154387447,0.9735918449587189,-0.36167608012328856,4.466894431995966e-06
21.84146154387447,0.7611447324743494,-0.273652818359551,5.76147039432625e-06
21.86146154387447,0.9636456118605565,-0.240062982251402,4.950921216275157e-06
21.88146154387447,1.020715878577903,-0.44707631575874984,4.0584490458303395e-06
21.90146154387447,0.7799391578882933,-0.239202256052522,5.84259474759816e-06
21.921461543874468,1.0022081860806793,-0.3430238651490072,4.424452364896415e-06
21.941461543874468,0.7336771334521472,-0.30952057914691977,5.703061336492287e-06
21.961461543874467,0.9006350040435791,-0.31415901402942836,4.895403241906213e-06
21.981461543874467,0.8579651496386305,-0.361904920602683,4.8729885692237295e-06
22.001461543874466,0.9024832570721628,-0.3585028404559125,4.712137208115531e-06
22.021461543874466,0.8094488511560485,-0.27236555464332923,5.490254353283525e-06
22.041461543874465,0.8959301793074701,-0.4027872237202246,4.5713868983059725e-06
22.061461543874465,0.8506985317944782,-0.2609069653553888,5.338652071791211e-06
22.081461543874465,0.8988957107940223,-0.26446693821344525,5.098984927941966e-06
22.101461543874464,0.7753945560834836,-0.3168530269176699,5.428705868976088e-06
22.121461543874464,0.854850184317911,-0.34913330362542183,4.922832015993687e-06
22.141461543874463,0.8787541295168921,-0.3277631917553663,4.910443934824106e-06
22.161461543874463,0.8212190128688235,-0.32327102863928303,5.174422995163119e-06
22.181461543874462,0.7882804723049048,-0.21521607169415802,5.899006767334656e-06
22.201461543874462,0.7820683297468349,-0.6645487229106948,4.090330297177123e-06
22.22146154387446,0.7549206367693841,-0.20814149803481996,6.1415581318637445e-06
22.24146154387446,0.7899710632918868,-0.41259253592579626,4.916355881993961e-06
22.26146154387446,0.778190001816256,-0.27479791769292206,5.61237637094726e-06
22.28146154387446,0.8331882531056181,-0.3568127897451632,4.9641310040222616e-06
22.30146154387446,0.8008092666859739,-0.35170319972530706,5.123487082285996e-06
22.32146154387446,0.7592245482956059,-0.3933925136225298,5.120901460740041e-06
22.34146154387446,0.7398046022281051,-0.45215046853991225,4.949839714431558e-06
22.36146154387446,0.8069530739740003,-0.3246408806880936,5.211717786504765e-06
22.381461543874458,0.7014107172435615,-0.38317493902286515,5.435379864803878e-06
22.401461543874458,0.7989458764204755,-0.8139841310912743,3.6533924501040482e-06
22.421461543874457,0.7116942668508273,-0.3086348457727581,5.772887145267576e-06
22.441461543874457,0.681775217759423,-0.5368668389273807,4.831471622143377e-06
22.461461543874456,0.7468003911635606,-0.36125158357754117,5.311484723478327e-06
22.481461543874456,0.7360145317361457,-0.34698569728061557,5.432107983598455e-06
22.501461543874456,0.7596313233370893,-0.5504106947046239,4.4888446858524196e-06
22.521461543874455,0.6685755611397326,-0.6774058478185907,4.3671907374509816e-06
22.541461543874455,0.6503012265311554,-0.28997857635840774,6.2489564550539525e-06
22.561461543874454,0.7476862645999063,-0.580350659089163,4.422560871452561e-06
22.581461543874454,0.6792545932257781,-0.25799867743626237,6.2639453585543186e-06
22.601461543874453,0.6829837308323476,-1.0081263423198834,3.470235210284655e-06
22.621461543874453,0.6091373359085992,-0.40236323548015207,5.7994099467848635e-06
22.641461543874453,0.6117305199149996,-0.39345330974902026,5.833475516404182e-06
22.661461543874452,0.6906778487900738,-0.4838475330034271,4.9903974006914055e-06
22.681461543874452,0.648872317513451,-0.39274507423397154,5.624850441189047e-06
22.70146154387445,0.704669857144836,-0.42496363003738225,5.184471934943837e-06
22.72146154387445,0.6123434835753869,-0.596638839575462,4.84222971605461e-06
22.74146154387445,0.6246341054211371,-0.3335043792030774,6.107456556509611e-06
22.76146154387445,0.6235803421659512,-0.541964178570197,5.018607542648832e-06
22.78146154387445,0.650782183976844,-0.6392722647287883,4.532397319027213e-06
22.80146154387445,0.6437956749505247,-0.5037612191517837,5.0931268283612146e-06
22.82146154387445,0.6192132175056031,-0.2998051258036867,6.357101442513003e-06
22.84146154387445,0.6204258797006332,-0.6811976919998415,4.4866581280384455e-06
22.861461543874448,0.6821480994694866,-0.4185761861735955,5.303371724923213e-06
22.881461543874448,0.5447463116142899,-0.39690822502598166,6.196768640292818e-06
22.901461543874447,0.6168511190335266,-0.6576181079726666,4.576683998500829e-06
22.921461543874447,0.5863994790706784,-0.39867955578665715,5.918797705098266e-06
22.941461543874446,0.6511204759299289,-0.6267508973833174,4.560817152134235e-06
22.961461543874446,0.5545637714822078,-0.44481955631636083,5.829366688799411e-06
22.981461543874445,0.6157645676285028,-0.532566816866165,5.071229323860036e-06
23.001461543874445,0.5632067773258314,-0.5873491892707534,5.059395643513992e-06
23.021461543874445,0.5734337446338031,-0.5458034427952043,5.198842669128411e-06
23.041461543874444,0.6100937721203081,-0.4354208763106726,5.563213408007124e-06
23.061461543874444,0.5799239604311879,-0.4833856055047363,5.467902321964918e-06
23.081461543874443,0.5516137064551003,-0.5458658291317988,5.2955481831666016e-06
23.101461543874443,0.5638351205852814,-0.6563208694569767,4.7612067688052575e-06
23.121461543874442,0.41045596229378134,-0.4353991560637951,6.8653347280180095e-06
23.141461543874442,0.6541936640278436,-0.6753669548779726,4.365918812003322e-06
23.16146154387444,0.4773459970019758,-0.5572181634925073,5.608579650293254e-06
23.18146154387444,0.5749598530892399,-0.7009268878609873,4.545958514755753e-06
23.20146154387444,0.553686457562435,-0.4102575036813505,6.014696080106709e-06
23.22146154387444,0.5261420137685491,-0.4778156898682937,5.772629471459088e-06
23.24146154387444,0.5341090824649655,-0.5691424410324544,5.251006105883121e-06
23.26146154387444,0.496530540054664,-0.5102182686532615,5.752065870601817e-06
23.28146154387444,0.515805693125003,-0.5980214544106275,5.197009730883548e-06
23.30146154387444,0.5683226714027114,-0.4871731454040855,5.482056794805039e-06
23.321461543874438,0.4998351576796267,-1.11731943115592,3.57664574633458e-06
23.341461543874438,0.4567712745629251,-0.4213698727544397,6.583974512037004e-06
23.361461543874437,0.5399018897151109,-0.5739171334425919,5.188793682085366e-06
23.381461543874437,0.515281743457308,-0.47968686948297545,5.806306334539582e-06
23.401461543874436,0.46469615188834723,-0.7010860482696444,4.9535993808230875e-06
23.421461543874436,0.46944139059633017,-0.5899184681782117,5.449061244802463e-06
23.441461543874436,0.47565243825374637,-0.35975569300353527,6.907102590951327e-06
23.461461543874435,0.4509529453353025,-0.6448831077868817,5.263522293399565e-06
23.481461543874435,0.47817405842943117,-0.7992695374414325,4.513443764269705e-06
23.501461543874434,0.4450599767442327,-0.4575617368100211,6.38518454486972e-06
23.521461543874434,0.45897362945834175,-0.7047177470522001,4.9507360979065e-06
23.541461543874433,0.43285174626362277,-0.8455836606153753,4.5046302470037856e-06
23.561461543874433,0.4317197206255514,-0.39625658304430544,6.9526048751886615e-06
23.581461543874433,0.4862443068996072,-0.1065793982706964,9.706626259208715e-06
23.601461543874432,0.4616560200811364,-1.1470649219118059,3.575556993042066e-06
23.62146154387443,0.4102238082268741,-0.42387227970175445,6.893460620343083e-06
23.64146154387443,0.42378773506061407,-0.8123962846584618,4.64944078039279e-06
23.66146154387443,0.45435273231123574,-0.6460660378506873,5.220996085090861e-06
23.68146154387443,0.45452465332346037,-0.7437863836530596,4.792625826969989e-06
23.70146154387443,0.3989965768123511,-0.4716685963794589,6.593581997851755e-06
23.72146154387443,0.39778991013008635,-1.7230358114466071,2.7058117442912013e-06
23.74146154387443,0.4124798493976414,-0.2828083273489028,8.250266819953497e-06
23.76146154387443,0.39111407491145656,-0.7999372243648395,4.8142935316207415e-06
23.78146154387443,0.38928554033191176,-0.4920127638615668,6.503860080690826e-06
23.801461543874428,0.4196112421050202,-0.7959890278289095,4.713386770458956e-06
23.821461543874427,0.4200549242377747,-0.8854184556403197,4.387199211779585e-06
23.841461543874427,0.35098505951464176,-0.25814437633380294,9.398878614792922e-06
23.861461543874427,0.36341140160220675,-1.2236978199798614,3.605861632933499e-06
23.881461543874426,0.39608737293747254,-0.6040446785627864,5.719951882181544e-06
23.901461543874426,0.37579313038440887,-0.4087772346101701,7.288665451015198e-06
23.921461543874425,0.3303275139769539,-0.6078072597592836,6.093207574017691e-06
23.941461543874425,0.29364021960645914,-0.7473048954852857,5.489240852490618e-06
23.961461543874425,0.35500636720098555,-0.6479702561045997,5.694880726642128e-06
23.981461543874424,0.34506288289412623,-0.7395911638159305,5.263965448372642e-06
24.001461543874424,0.3786479154077824,-0.7046405879373197,5.268582898096426e-06
24.021461543874423,0.32258375675883144,-0.4043988441117108,7.847749502814147e-06
24.041461543874423,0.3099803460063413,-0.6990877781572635,5.651726005165829e-06
24.061461543874422,0.3280953705252614,-1.0133768555242568,4.24963312944271e-06
24.081461543874422,0.3292722791156848,-0.6414514862117358,5.8704496019867735e-06
24.10146154387442,0.3294087833928643,-0.4573763250373304,7.240083927738993e-06
24.12146154387442,0.32249990641503246,-0.7717784567503259,5.203598534343035e-06
24.14146154387442,0.29199700031313114,-0.5045446035219356,7.145878579038398e-06
24.16146154387442,0.3181716431499808,-0.9477295991964638,4.494660893689781e-06
24.18146154387442,0.276843145780731,-0.37932856334373355,8.667878711351278e-06
24.20146154387442,0.3141264938603854,-0.8858414213173091,4.737986822739912e-06
24.22146154387442,0.2762279751186725,-0.9698426725517493,4.560939055014145e-06
24.24146154387442,0.3005854396469658,-0.8219273225404322,5.061039492249297e-06
24.261461543874418,0.2642272818920901,-0.475998803274706,7.671850465430037e-06
24.281461543874418,0.29651107131212484,-1.3083161828108132,3.537274842793921e-06
24.301461543874417,0.27186058772713295,-0.2865196052007377,1.0162530595272551e-05
24.321461543874417,0.2723402433002775,-0.8587650515255518,5.014916174218455e-06
24.341461543874416,0.277775915271377,-0.6205362410400994,6.31204074895949e-06
24.361461543874416,0.24488998718152288,-0.7330235728586558,5.796066580638485e-06
24.381461543874416,0.25694796269817743,-0.7574835942359641,5.5852909603629154e-06
24.401461543874415,0.25495789255819545,-0.8709108753828332,5.0305373501285005e-06
24.421461543874415,0.2617675198998768,-0.4982630021404475,7.4491325737882386e-06
24.441461543874414,0.22494802947039716,-0.7705405636806972,5.685035437288467e-06
24.461461543874414,0.25209429011374596,-1.0130114135099575,4.471772157804265e-06
24.481461543874413,0.22495894266467076,-0.3741581845097244,9.439074427302341e-06
24.501461543874413,0.22116410369926598,-0.6919902120353072,6.1905778287876256e-06
24.521461543874413,0.2337616852237261,-0.544808667851612,7.257925419956587e-06
24.541461543874412,0.2391150062030647,-0.9141380101209506,4.898020765588708e-06
24.56146154387441,0.20842346503923181,-0.7741455532377586,5.746709960136413e-06
24.58146154387441,0.22608341509476304,-0.8788255113759078,5.108462545751619e-06
24.60146154387441,0.21484242685255595,-0.5319674875354394,7.55515856802426e-06
24.62146154387441,0.1938247695361497,-0.9765650383196771,4.818998902376517e-06
24.64146154387441,0.211196305899648,-0.5470088137080893,7.4359856960254426e-06
24.66146154387441,0.20208970920793945,-0.9068266490940005,5.082321254761455e-06
24.68146154387441,0.20813224642188288,-0.7813759233104065,5.6934719305062456e-06
24.70146154387441,0.18279464283841662,-0.6417730788234621,6.829756814716854e-06
24.72146154387441,0.1817880181461078,-0.5699389348737895,7.488767207874054e-06
24.741461543874408,0.17805617733756662,-1.7092515928670764,2.981683414384496e-06
24.761461543874407,0.1846174937345495,-0.5765442033298314,7.390352013864237e-06
24.781461543874407,0.18575985412462614,-0.5520589356310666,7.621293030129193e-06
24.801461543874407,0.169910629541846,-1.3272327561862767,3.7544919071310222e-06
24.821461543874406,0.16980945465911645,-0.5423290444305167,7.89019563000677e-06
24.841461543874406,0.15927901588293025,-0.6714295384008437,6.7614686561243396e-06
24.861461543874405,0.15787501194063225,-0.9369599729543552,5.1283535300931996e-06
24.881461543874405,0.1526496490041609,-0.7362051356467418,6.314431908411877e-06
24.901461543874404,0.15134642933116993,-0.6840360529604368,6.716067311531524e-06
24.921461543874404,0.1322421598888468,-0.8941338416188955,5.464264994255798e-06
24.941461543874404,0.15395742624241393,-0.8703321679495275,5.4733475112347194e-06
24.961461543874403,0.1380025283623354,-0.4800031570484862,9.068201871389593e-06
24.981461543874403,0.12531981060601538,-0.9022121445741504,5.45200071158762e-06
25.001461543874402,0.12810180116321135,-0.5443503047572449,8.327786248000187e-06
25.021461543874402,0.12966269209209713,-1.4814016702584922,3.474676246865047e-06
25.0414615438744,0.11613753320852993,-0.8752551728393883,5.644427374524419e-06
25.0614615438744,0.10726632071600761,-1.0445040388731286,4.8566779930681765e-06
25.0814615438744,0.10517723310476867,-0.7069191024638712,6.88549498834152e-06
25.1014615438744,0.11385931958648143,-1.1371796966996044,4.467979219773756e-06
25.1214615438744,0.10424347812295309,-0.8333065164042637,5.95971178185495e-06
25.1414615438744,0.10670496870807256,-0.9077381331881043,5.505940570286777e-06
25.1614615438744,0.10516932485916186,-1.1151805794797838,4.575231168226665e-06
25.1814615438744,0.10374108528048964,-0.7710600939753931,6.38009253809978e-06
25.201461543874398,0.09505796470330097,-0.9860475130844861,5.160699519377341e-06
25.221461543874398,0.07430707663297653,-0.7157886251807213,7.058859739873584e-06
25.241461543874397,0.07420173210266512,-1.9431715107057244,2.7635634902761658e-06
25.261461543874397,0.08097392990748631,-0.6297256695106626,7.841639851379944e-06
25.281461543874396,0.07808139608096099,-1.1596028504136484,4.501140754149127e-06
20.6607462953957,1.3492266204266343,-0.05036014242796227,4.3704191568279325e-06
20.6807462953957,1.2852941733872285,-0.09703923726920038,4.422977938171159e-06
20.7007462953957,1.4473444835166447,-0.07581897116324399,4.012244000074853e-06
20.7207462953957,1.2476118169142865,-0.09201656012737658,4.559909156891176e-06
20.7407462953957,1.2434154946276976,-0.08011302538216114,4.613330057123639e-06
20.7607462953957,1.301183708375902,-0.09254705601779278,4.37903201954273e-06
20.780746295395698,1.1532792968209833,-0.11695640151447151,4.802621108276726e-06
20.800746295395697,1.3671987064299174,-0.10778404513712303,4.134120809928729e-06
20.820746295395697,1.094304136466235,-0.11501611312633031,5.040066467046024e-06
20.840746295395697,1.2447722678734863,-0.11266909607002162,4.488114935382737e-06
20.860746295395696,1.2026187029696302,-0.13388610605761642,4.556409593842758e-06
20.880746295395696,1.0758341090986505,-0.07810156367486343,5.274983008161064e-06
20.900746295395695,1.2317629065655638,-0.11548216664232314,4.516102986365429e-06
20.920746295395695,1.15342134446837,-0.12290568936077761,4.764915045429645e-06
20.940746295395694,1.3357183819171041,-0.15160345884942217,4.087155243000754e-06
20.960746295395694,1.187451353234792,-0.15123303089058027,4.538973884488205e-06
20.980746295395694,1.213631110629649,-0.13702554466726724,4.496757418915195e-06
21.000746295395693,1.1107232322974596,-0.1900543428491801,4.667145575880234e-06
21.020746295395693,1.088829624815844,-0.09460543174645863,5.127659621308652e-06
21.040746295395692,1.230254224356031,-0.16259014283059514,4.354833617559297e-06
21.060746295395692,1.113711442652857,-0.197663984974497,4.623310460632595e-06
21.08074629539569,1.110184067627415,-0.17271679559053155,4.723901775148579e-06
21.10074629539569,1.1579044624377275,-0.13387988862814382,4.689351235781998e-06
21.12074629539569,1.0883054091391386,-0.21632641891483217,4.6411490545771985e-06
21.14074629539569,1.1054812920774566,-0.1589462714327965,4.7866047231857e-06
21.16074629539569,1.1946240750548895,-0.2118776227289345,4.301238129931036e-06
21.18074629539569,1.107707820374344,-0.19405911803187337,4.6452884726309344e-06
21.20074629539569,1.2269354073796421,-0.19913759203336667,4.238516464417088e-06
21.22074629539569,1.105774712425415,-0.19835793890524656,4.632821479567912e-06
21.240746295395688,1.2421162015525624,-0.2253690401885251,4.115324535676089e-06
21.260746295395688,1.1716286565351766,-0.19628848940192256,4.412963849228598e-06
21.280746295395687,1.0955207483202685,-0.22066010851995088,4.5844563568432674e-06
21.300746295395687,1.007987676654011,-0.18926197218388552,5.037652720831013e-06
21.320746295395686,1.1008583638758864,-0.2655052485933993,4.4122380073251965e-06
21.340746295395686,1.0856240733191953,-0.21789526434440631,4.622971242388432e-06
21.360746295395685,1.123151627034531,-0.1946132535522338,4.57100332423722e-06
21.380746295395685,1.0485720541180399,-0.19404874951578677,4.845338090601383e-06
21.400746295395685,1.0443167424818967,-0.2556642089475645,4.6295345544762986e-06
21.420746295395684,0.9917116401484236,-0.218867302450235,4.96930834197493e-06
21.440746295395684,1.1253155736485496,-0.22925208532615216,4.439159164133683e-06
21.460746295395683,1.1361306048347615,-0.3051418053510133,4.170300255340872e-06
21.480746295395683,0.9844661630049814,-0.2147107795899501,5.010076332160106e-06
21.500746295395682,1.0714056559663732,-0.26582974595658015,4.490909374862993e-06
21.520746295395682,0.9922310361871496,-0.21802738429687452,4.959970285406982e-06
21.54074629539568,1.0052926444859622,-0.19569019071059301,4.996098274548807e-06
21.56074629539568,0.9422589731402695,-0.33585439788294025,4.692609185212076e-06
21.58074629539568,1.0894133643014356,-0.2551431076863082,4.4588088854464435e-06
21.60074629539568,0.9476591217389796,-0.16736996913095936,5.37433058269734e-06
21.62074629539568,0.8863820548867807,-0.4620229094289243,4.4422848291793335e-06
21.64074629539568,0.965215091520804,-0.23635027528507635,4.983029199470121e-06
21.66074629539568,1.0397528983885422,-0.17095707159023732,4.943265607010914e-06
21.68074629539568,0.9522127867094241,-0.3971272286726162,4.433538434064918e-06
21.70074629539568,0.9889018138783285,-0.32319744880805956,4.5574112720716226e-06
21.720746295395678,0.8853844041004777,-0.2933561956160702,5.0708666981576855e-06
21.740746295395677,0.9941211300319992,-0.28713738318765536,4.663158090861651e-06
21.760746295395677,0.912324181466829,-0.2868578077759594,4.980214866705986e-06
21.780746295395677,0.9876461998774175,-0.2910251192515716,4.668638718398567e-06
21.800746295395676,0.8329584111925215,-0.2965361723618116,5.282992627229695e-06
21.820746295395676,0.991018186265137,-0.3684417041367851,4.3874675979927235e-06
21.840746295395675,0.9221278979675844,-0.2547737247659825,5.065906652531852e-06
21.860746295395675,0.8811293923572521,-0.4569991855532862,4.453626359248395e-06
21.880746295395674,0.8310732059180737,-0.3520330833271146,5.035090939325192e-06
21.900746295395674,0.8743705544329714,-0.24991623032838106,5.296292242169687e-06
21.920746295395674,0.8640207155258395,-0.379042248474434,4.788168586783073e-06
21.940746295395673,0.8219035028014332,-0.24926521070301533,5.55420430354093e-06
21.960746295395673,0.933594532602001,-0.5222962243133225,4.0848020056175495e-06
21.980746295395672,0.8350673272361746,-0.2688365929061547,5.3849902413482235e-06
22.000746295395672,0.8683247252065485,-0.35312560843885876,4.8647292108625955e-06
22.02074629539567,0.8664265280531254,-0.32020944911346305,5.005335187790726e-06
22.04074629539567,0.8547869311296381,-0.4577356233494356,4.523389301679567e-06
22.06074629539567,0.7474481454701163,-0.24774115474428982,5.96323767286739e-06
22.08074629539567,0.8274332915607374,-0.3569207723630825,5.008688739955786e-06
22.10074629539567,0.8178890123817837,-0.32678849989315495,5.180137227809738e-06
22.12074629539567,0.7457768332678825,-0.31476855266373605,5.5887411947208035e-06
22.14074629539567,0.813132779992884,-0.5552787480410188,4.329581021332431e-06
22.16074629539567,0.8816919006058015,-0.2357501903316006,5.299753567764124e-06
22.180746295395668,0.7402929898817092,-0.23046785255428404,6.097985943990782e-06
22.200746295395668,0.8856733964057639,-0.7627980284160003,3.5895256110476913e-06
22.220746295395667,0.7654970309813507,-0.23562808916904032,5.908128362753814e-06
22.240746295395667,0.7224073018005583,-0.475794063298963,4.934325389981538e-06
22.260746295395666,0.8452330566797173,-0.22078990377485752,5.543836517384399e-06
22.280746295395666,0.7408792364876717,-0.4773386970628053,4.849251341697553e-06
22.300746295395665,0.7685466953262221,-0.25493291253224015,5.769493285976496e-06
22.320746295395665,0.7450165036134422,-0.458843651751522,4.902978395381092e-06
22.340746295395665,0.867398334259633,-0.3596737398238474,4.808254149655645e-06
22.360746295395664,0.7351795665454119,-0.36424454182269983,5.364295999188822e-06
22.380746295395664,0.6938829172868282,-0.30087573756463826,5.926282530464062e-06
22.400746295395663,0.7847845726064406,-0.2739736411604099,5.565732312158529e-06
22.420746295395663,0.7487171921820845,-0.5610750806517899,4.497148241771635e-06
22.440746295395662,0.8810170697979629,-0.5073140281892847,4.241006570168365e-06
22.460746295395662,0.6992260175466072,-0.5091305422247387,4.8706463134660165e-06
22.48074629539566,0.773721093282802,-0.4974993076757528,4.627888307866442e-06
22.50074629539566,0.6076638092054054,-0.252521235961467,6.836504617784323e-06
22.52074629539566,0.805409730412066,-0.5257614835863933,4.415846871882003e-06
22.54074629539566,0.7563346990500577,-0.2778458996908739,5.681618355033332e-06
22.56074629539566,0.7030271825497039,-0.39140104710531887,5.36666428445357e-06
22.58074629539566,0.7669574525207281,-0.4298559446760919,4.9055421469795285e-06
22.60074629539566,0.7258226250414737,-0.6266057519242167,4.339315979500418e-06
22.62074629539566,0.7022569592954824,-0.467206785135204,5.016155782067267e-06
22.640746295395658,0.5672996053472161,-0.4227824810659513,5.922531243213036e-06
22.660746295395658,0.7471885556296911,-0.37846768338931724,5.2071078663113575e-06
22.680746295395657,0.5548492454690859,-0.3413435723341536,6.537717970474726e-06
22.700746295395657,0.7539980416186154,-0.707550443650689,4.007159304685633e-06
22.720746295395656,0.6936669700517086,-0.4942654753103852,4.9280920958545064e-06
22.740746295395656,0.5373839808162302,-0.4926113307592459,5.681432826466706e-06
22.760746295395656,0.67394854153099,-0.4826105883112177,5.057677445564313e-06
22.780746295395655,0.6671789999309112,-0.6758466851315461,4.353704827259481e-06
22.800746295395655,0.6291066457681609,-0.48027618043124676,5.268460153266358e-06
22.820746295395654,0.6001650956895901,-0.5054519774857908,5.284275892026151e-06
22.840746295395654,0.5862399884790648,-0.5121460420778021,5.3168823941931135e-06
22.860746295395654,0.678880787017988,-0.42791703129478265,5.274370359051387e-06
22.880746295395653,0.583565907087177,-0.6048101259802934,4.910297956545767e-06
22.900746295395653,0.6192631766316481,-0.38970872783102095,5.781040600509444e-06
22.920746295395652,0.6762625077972189,-0.398925150395371,5.422841131035705e-06
22.940746295395652,0.6176331405004021,-0.3886006485990947,5.792123651662364e-06
22.96074629539565,0.5871676178389862,-0.5138480797759257,5.2913564453792575e-06
22.98074629539565,0.5848030538691091,-0.38518863543868065,6.003688087237829e-06
23.00074629539565,0.5249199357349426,-0.6653577212127857,4.890610374163296e-06
23.02074629539565,0.5627307110262336,-0.5080261125112884,5.434291885199892e-06
23.04074629539565,0.5839738461945672,-0.580257051915396,4.996009003307968e-06
23.06074629539565,0.5706994854990626,-0.5087061763479142,5.386444331016426e-06
23.08074629539565,0.541981853719335,-0.4682508079567924,5.752992275604836e-06
23.10074629539565,0.496545409259852,-0.5070837183739059,5.788464352524631e-06
23.120746295395648,0.589787532313494,-0.40650504908990115,5.8287751346155784e-06
23.140746295395648,0.5505955122062005,-1.0649480840656906,3.5931411056418683e-06
23.160746295395647,0.5405003687337739,-0.24499988742172718,7.387027403653158e-06
23.180746295395647,0.5646874113590457,-0.8334436388686299,4.14854352435234e-06
23.200746295395646,0.4884621938690543,-0.44201272865757346,6.231114417536282e-06
23.220746295395646,0.5201896941580344,-0.5819890748243779,5.258283141817784e-06
23.240746295395645,0.5733181359246373,-0.49639295088127255,5.415738731262431e-06
23.260746295395645,0.4956578736018855,-0.436638752813451,6.211506262348096e-06
23.280746295395645,0.4970541736402083,-0.9948337298119441,3.880087435413623e-06
23.300746295395644,0.5061724878560199,-0.5131925418972969,5.676427939674912e-06
23.320746295395644,0.5173959604289848,-0.5493620282650227,5.422079306914258e-06
23.340746295395643,0.5023260367394187,-0.5276333372748923,5.61359248196297e-06
23.360746295395643,0.5235297875624383,-0.5491635011567269,5.387804315624251e-06
23.380746295395642,0.43769781800801866,-0.47754149869433604,6.312202505559317e-06
23.400746295395642,0.5067122202453902,-0.7345230868086219,4.652520328031889e-06
23.42074629539564,0.47850086707330775,-0.9729714116547257,3.977063734336227e-06
23.44074629539564,0.43601358955493197,-0.5123203780894983,6.084698597370631e-06
23.46074629539564,0.4385819589078892,-0.6020234052557498,5.542975110983632e-06
23.48074629539564,0.4782229937845841,-0.930474843014963,4.092965372672134e-06
23.50074629539564,0.4352246099660988,-0.40268950699828565,6.878381011314465e-06
23.52074629539564,0.5285334909567609,-0.49937842367216945,5.604773139532796e-06
23.54074629539564,0.44198252470232546,-0.9081561543280259,4.265444431569254e-06
23.56074629539564,0.4186512182059232,-0.27508960803970695,8.29800662780017e-06
23.580746295395638,0.4266023365635192,-0.7271647542947903,4.987506935054689e-06
23.600746295395638,0.4427052144776553,-0.49298008205369115,6.147546209631129e-06
23.620746295395637,0.4330302873495384,-0.6884338697709609,5.1271098438843175e-06
23.640746295395637,0.4259144278112217,-0.526340249896748,6.0358304519578896e-06
23.660746295395636,0.4138915536659624,-0.7001004347694106,5.15746896376345e-06
23.680746295395636,0.4676095099421218,-0.5451953820302151,5.6705190836793925e-06
23.700746295395636,0.4236038949711656,-0.5095673226751387,6.15201341344643e-06
23.720746295395635,0.400905058166245,-0.5817058136417472,5.8402036224104826e-06
23.740746295395635,0.4248879554506857,-0.7383561546448618,4.931374693975369e-06
23.760746295395634,0.4070109600725118,-0.5180166617501527,6.198926078008682e-06
23.780746295395634,0.40097212981345365,-1.2778706876561046,3.4142042849263615e-06
23.800746295395633,0.3687829614500515,-0.45057019242085516,6.99291075106632e-06
23.820746295395633,0.37625903049774934,-0.6544557652086951,5.5567718312223325e-06
23.840746295395633,0.41743358597159386,-0.6443491691024974,5.392077085480181e-06
23.860746295395632,0.38973340558004566,-0.8230026178061962,4.719069612887105e-06
23.88074629539563,0.3553284293448087,-0.5474294861487579,6.336980888190841e-06
23.90074629539563,0.3927280959669588,-0.7683021543780342,4.9253919437467845e-06
23.92074629539563,0.36867028067354113,-0.3130916911177337,8.384629751767701e-06
23.94074629539563,0.3638343752572837,-0.878394303843379,4.599893696317023e-06
23.96074629539563,0.3491895729894168,-0.6031699593295343,5.99761784749382e-06
23.98074629539563,0.4058852249290794,-0.45105886925011873,6.662824627776723e-06
24.00074629539563,0.3094650392886251,-1.6327711627818644,2.9386121248233703e-06
24.02074629539563,0.3596580858466041,-0.26981325168162584,9.063592402680534e-06
24.04074629539563,0.34074329935538117,-0.8268973173107952,4.884257295782814e-06
24.060746295395628,0.3366735444869846,-0.6872611172730103,5.5675926707698544e-06
24.080746295395627,0.31153103314863984,-1.2745236831251532,3.5929729873421836e-06
24.100746295395627,0.3540645563916769,-0.40643844241276383,7.490365946520109e-06
24.120746295395627,0.306768559912598,-0.7878417916363105,5.202091323082306e-06
24.140746295395626,0.31485266933304956,-0.4402450129855424,7.5382085071209145e-06
24.160746295395626,0.2926474813857567,-0.6676286270085257,5.925268806596589e-06
24.180746295395625,0.29838390620352584,-0.7665179524337873,5.341038940631619e-06
24.200746295395625,0.3029407891590381,-0.5254049970535561,6.863686753765309e-06
24.220746295395625,0.2644240338122472,-0.5932460718322545,6.6264668806697084e-06
24.240746295395624,0.3083259289705893,-0.7735980291618034,5.250974956045707e-06
24.260746295395624,0.2884370534447953,-0.7792364354245365,5.319035442111512e-06
24.280746295395623,0.2717673396982718,-0.4639903742354363,7.715563667056574e-06
24.300746295395623,0.26628391692065634,-1.2486287711653858,3.7458482943903097e-06
24.320746295395622,0.29444620975118596,-0.2721986873075366,1.0010585278663202e-05
24.340746295395622,0.28807051801413763,-0.6997144119814038,5.740402764837907e-06
24.36074629539562,0.24285993476223666,-0.9582497114315629,4.719073347064499e-06
24.38074629539562,0.25810625520352914,-0.8689392585365567,5.0272708088019286e-06
24.40074629539562,0.23454795259749517,-0.5924305121880025,6.848796970855727e-06
24.42074629539562,0.2555922701722011,-0.7538224120507948,5.608847627778359e-06
24.44074629539562,0.25493385577283334,-1.2712499889312312,3.70825599693237e-06
24.46074629539562,0.25243855767621426,-0.6138944206759334,6.530219873128842e-06
24.48074629539562,0.21897786756744608,-0.6251760790473782,6.699244901937881e-06
24.50074629539562,0.22641584859047725,-0.7525661799591035,5.774396466488063e-06
24.520746295395618,0.2509985499782488,-1.5523923492291942,3.1334795748943088e-06
24.540746295395618,0.23090536315430654,-0.2569927414879203,1.157771755525521e-05
24.560746295395617,0.22899297040930833,-1.0343000411521643,4.469755422924943e-06
24.580746295395617,0.20285823966696626,-0.6743539503077045,6.434535449444038e-06
24.600746295395616,0.21650720925072164,-0.6087751419981942,6.83686827711489e-06
24.620746295395616,0.21904191734108736,-1.234132046578452,3.881291110303166e-06
24.640746295395616,0.19329895630653482,-0.8337884561042301,5.489374995547113e-06
24.660746295395615,0.2056726032133156,-0.6319570152263623,6.728425639836734e-06
24.680746295395615,0.20761942812532652,-0.4737033783458173,8.268904651375212e-06
24.700746295395614,0.18403968642815016,-0.7909950917091919,5.7758860184723995e-06
24.720746295395614,0.19490951440820936,-1.0822392750997096,4.407927022950772e-06
24.740746295395613,0.18779647838528035,-0.5878126691095531,7.2555076145289e-06
24.760746295395613,0.1761314762306938,-0.5839547315845266,7.400926173279968e-06
24.780746295395613,0.1816998274589423,-0.6578656871570274,6.69777607946367e-06
24.800746295395612,0.1644534741571988,-0.8576626860303804,5.499460033471966e-06
24.82074629539561,0.157452259780257,-0.6140887445726548,7.282809888096512e-06
24.84074629539561,0.1790568775468273,-0.9664388902710925,4.903453638744217e-06
24.86074629539561,0.1675531722503365,-1.0182781480252743,4.734883219317662e-06
24.88074629539561,0.16152795502421213,-0.8251287013990805,5.688584392910562e-06
24.90074629539561,0.13043888691754546,-0.727991929743439,6.535842795194154e-06
24.92074629539561,0.1338229376851814,-1.041823578067124,4.770556060156937e-06
24.94074629539561,0.14852671445987653,-1.1367401331663132,4.362024321784293e-06
24.96074629539561,0.1368929276632116,-0.5718583846464753,7.907281132169718e-06
24.98074629539561,0.12267591200361494,-0.7070136237889528,6.752138510370274e-06
25.000746295395608,0.12975615057712275,-0.7091075663920492,6.675820446575032e-06
25.020746295395607,0.1316633303576964,-0.5731349975685589,7.942709425465397e-06
25.040746295395607,0.1180628855672694,-0.8967030570129282,5.514493242899793e-06
25.060746295395607,0.11537067510289489,-0.6290116091258824,7.514749798603406e-06
25.080746295395606,0.11824382582926773,-0.7914368506753817,6.146953457117747e-06
25.100746295395606,0.11839905407396145,-0.48702826257795095,9.23261897462586e-06
25.120746295395605,0.11164757190999808,-1.2292095280718058,4.167186907937521e-06
25.140746295395605,0.0885596837324556,-0.5439902534708381,8.830200658946675e-06
25.160746295395604,0.09790960958707728,-1.1737260029185563,4.390777294092228e-06
25.180746295395604,0.09326530140606337,-0.5658132922835648,8.468461055686408e-06
25.200746295395604,0.09243711360795714,-0.72731676872354,6.806088359369506e-06
25.220746295395603,0.09005022049313993,-1.1243706021923572,4.592532286741859e-06
25.240746295395603,0.08788489919243148,-0.6117307695094496,7.968929150553908e-06
25.260746295395602,0.06987634634424467,-0.9795716818189248,5.310528890295758e-06
25.280746295395602,0.07320282059299643,-0.8806634957436472,5.840532561402382e-06
25.3007462953956,0.08157507969008293,-0.7321103624999523,6.844191591726367e-06
25.3207462953956,0.07037848711479455,-0.9572710931533948,5.417187579885603e-06
20.637906506181363,1.3350929589942098,-0.07573103529284708,4.337807680994265e-06
20.657906506181362,1.5891759755904786,-0.08678255671111401,3.649946598810796e-06
20.677906506181362,1.2448914342094213,-0.08004059495578986,4.614883129601051e-06
20.69790650618136,1.405032129972824,-0.07307374474476092,4.1348056781112225e-06
20.71790650618136,1.3744906673091464,-0.10762350662844256,4.121808672124119e-06
20.73790650618136,1.288540968671441,-0.07939055145834573,4.4638808379630625e-06
20.75790650618136,1.221370346727781,-0.10994513630066649,4.5845759590433976e-06
20.77790650618136,1.5369336584117264,-0.13665140423108824,3.6453704075233594e-06
20.79790650618136,1.2977084362973983,-0.10934822118724696,4.3339649049258384e-06
20.81790650618136,1.3204557953577023,-0.11438162460763124,4.248172070521058e-06
20.83790650618136,1.2309147534688236,-0.11161779683607165,4.538247168679617e-06
20.857906506181358,1.1550906963529997,-0.1378719840759004,4.710144622002056e-06
20.877906506181358,1.3432831049431115,-0.10571459556376794,4.201067600382368e-06
20.897906506181357,1.0971531706745736,-0.11051842193410266,5.038339028489667e-06
20.917906506181357,1.3812685971497558,-0.12866277231296408,4.027994070244961e-06
20.937906506181356,1.0706851159920916,-0.1359795137468609,5.0380950509450725e-06
20.957906506181356,1.2012613070837688,-0.15564193989121122,4.47830688635706e-06
20.977906506181355,1.4169759975047782,-0.14294594349121326,3.89376006892399e-06
20.997906506181355,0.9718324538553134,-0.15084174183721188,5.4078813012717605e-06
21.017906506181355,1.0749566753220279,-0.15497570190927945,4.934121459842577e-06
21.037906506181354,1.0981384652259294,-0.18732202984392643,4.718899468004034e-06
21.057906506181354,1.0362300694687292,-0.10729878512211144,5.302253037581642e-06
21.077906506181353,1.0044454758754,-0.20894834800856188,4.994788040869415e-06
21.097906506181353,1.1981347183536855,-0.17058911276399158,4.426016462988425e-06
21.117906506181352,1.2322641419596039,-0.1631783320926843,4.33940948971302e-06
21.137906506181352,1.200484266213607,-0.1833337398202275,4.37393487264755e-06
21.15790650618135,1.086412774049677,-0.1108393183676526,5.05329281640548e-06
21.17790650618135,1.055153501481982,-0.19539877379429527,4.835815636536816e-06
21.19790650618135,1.174217362946365,-0.23679944800096564,4.284007067742119e-06
21.21790650618135,0.9202899876981974,-0.21099854378553573,5.340980395551471e-06
21.23790650618135,1.1140235246275552,-0.1694345401483588,4.705673392492912e-06
21.25790650618135,1.020417305699084,-0.19133315840736032,4.981996058716274e-06
21.27790650618135,1.1652983356325421,-0.22941344632999972,4.326584716095476e-06
21.29790650618135,1.031383653084049,-0.189513492055994,4.940382750144796e-06
21.317906506181348,1.0560016164090484,-0.2252284622809384,4.70571071390521e-06
21.337906506181348,1.1741335749975406,-0.1947280753229279,4.402551806746455e-06
21.357906506181347,1.0211181867725827,-0.22914266916632187,4.818150923652551e-06
21.377906506181347,0.9338867736514658,-0.18765692616580054,5.368749438453218e-06
21.397906506181346,1.0741237854235806,-0.23795885618892498,4.587095664146336e-06
21.417906506181346,1.0596609713538783,-0.22121595214412082,4.696868687302146e-06
21.437906506181346,0.9755873277317733,-0.23244948495994322,4.97791776518038e-06
21.457906506181345,0.9428223291179165,-0.262900912493933,4.985324187102122e-06
21.477906506181345,1.0933660009177402,-0.21824915541219525,4.580863060836915e-06
21.497906506181344,0.9459882036608178,-0.2840936179563869,4.882403505070257e-06
21.517906506181344,1.1418686314136721,-0.18608081672573462,4.5206508902043096e-06
21.537906506181344,0.9410351332044229,-0.307869101074175,4.804681752817659e-06
21.557906506181343,1.1476015113294125,-0.2784037998790154,4.206190550676982e-06
21.577906506181343,0.9895251569250831,-0.25291500116873067,4.825587458755608e-06
21.597906506181342,0.9614075123899966,-0.2214803028764436,5.066334381153647e-06
21.617906506181342,0.9005719285923988,-0.26427899407281075,5.142581899794252e-06
21.63790650618134,0.9642220211535459,-0.2417852914368268,4.964981629007473e-06
21.65790650618134,0.9286639452839154,-0.23785822215722874,5.13085215371369e-06
21.67790650618134,1.02395438705571,-0.36336154575110413,4.312432596281475e-06
21.69790650618134,0.9441197184933117,-0.44132296164752916,4.316415994942857e-06
21.71790650618134,0.9815956282545812,-0.254836693755351,4.8345620127756045e-06
21.73790650618134,0.968303698420641,-0.23050548729952425,4.984179612491333e-06
21.75790650618134,0.9159416844631778,-0.2804693130965461,4.992055687602171e-06
21.77790650618134,1.0267660742683802,-0.29424298826791073,4.519270081877112e-06
21.797906506181338,0.9041278106160462,-0.44373601698316634,4.427360452178718e-06
21.817906506181338,0.9731919551559258,-0.32443206894095056,4.5968385344350116e-06
21.837906506181337,0.9035812409128994,-0.2605527850391809,5.121779433680581e-06
21.857906506181337,0.9175642572263314,-0.33365070549189113,4.763294601318148e-06
21.877906506181336,0.8253401313049835,-0.22315749124391004,5.681838598124174e-06
21.897906506181336,0.8607225148407451,-0.3801695683505386,4.798880009324771e-06
21.917906506181335,0.9739411890041083,-0.2390111756976694,4.907351961743839e-06
21.937906506181335,0.9336425251676701,-0.3757119063666323,4.544117101615044e-06
21.957906506181335,0.8289988551405258,-0.3075983175658621,5.232581390576575e-06
21.977906506181334,0.79286517057335,-0.2277632374316454,5.824720083824994e-06
21.997906506181334,0.6589319551130757,-0.41947364050429314,5.510334147343988e-06
22.017906506181333,0.8827501197665697,-0.21769642241997644,5.397694678600422e-06
22.037906506181333,0.847695770818973,-0.38995929024531506,4.797278948822112e-06
22.057906506181332,0.8412986558396369,-0.28574503725394607,5.265894622167941e-06
22.077906506181332,0.7615960076946067,-0.28839258674997836,5.649983988916551e-06
22.09790650618133,0.7838356211723294,-0.3987343099579448,5.014441961726232e-06
22.11790650618133,0.8301232557569165,-0.35718067680863896,4.992367493306802e-06
22.13790650618133,0.9543620842741802,-0.4180439666088205,4.317228279097327e-06
22.15790650618133,0.7646083917934448,-0.2609544915612787,5.774901017028209e-06
22.17790650618133,0.8473310932822642,-0.39194950403179973,4.7769954676857315e-06
22.19790650618133,0.7775349884468596,-0.37920970439881785,5.1157182068133585e-06
22.21790650618133,0.6614397270604968,-0.37660828919615597,5.698274958036938e-06
22.23790650618133,0.7420886192412581,-0.5593146418686956,4.543300384098085e-06
22.257906506181328,0.8609052460524254,-0.27977595204720274,5.181312878601688e-06
22.277906506181328,0.796352656398085,-0.2735104302992113,5.521987868073254e-06
22.297906506181327,0.7759741339832544,-0.5758311003446579,4.368448375092955e-06
22.317906506181327,0.5674270438030362,-0.23606614110758528,7.346491845858109e-06
22.337906506181326,0.7942441179184243,-0.5484596416936256,4.394447760221675e-06
22.357906506181326,0.8161752110463567,-0.35601758246775717,5.031566452627873e-06
22.377906506181326,0.6580739585624542,-0.2954650960746221,6.18280463960764e-06
22.397906506181325,0.8319129692099523,-0.44918728270567954,4.600042878884341e-06
22.417906506181325,0.7291281318757683,-0.4400430051591684,5.038343944893678e-06
22.437906506181324,0.6763174644147512,-0.5253133662045002,4.900227184001084e-06
22.457906506181324,0.6784380095486995,-0.3737238346366212,5.5940226029103425e-06
22.477906506181323,0.7442239050214994,-0.4871677731280215,4.77784369277594e-06
22.497906506181323,0.7340800856002261,-0.3215947697754018,5.570847977682045e-06
22.517906506181323,0.6658589672588278,-0.4532332719536498,5.252987053877542e-06
22.537906506181322,0.7833258142927662,-0.5422094866225962,4.43305086511428e-06
22.55790650618132,0.7180121838609921,-0.6187928693252616,4.393875462831816e-06
22.57790650618132,0.6743399732367834,-0.3657321314967703,5.6451346521378464e-06
22.59790650618132,0.737608124531107,-0.4454755020851735,4.960735811276209e-06
22.61790650618132,0.584691256750375,-0.4259657892398536,5.804685867685209e-06
22.63790650618132,0.7287369395635324,-0.5476537001086399,4.594331361142279e-06
22.65790650618132,0.6884140620386461,-0.4114964742329903,5.3293087040608375e-06
22.67790650618132,0.6530720839800779,-0.584473218943458,4.7346661005157525e-06
22.69790650618132,0.7509760738466866,-0.3502951222471893,5.318375230857034e-06
22.71790650618132,0.6177090558339842,-0.7014816656010225,4.438009076201839e-06
22.737906506181318,0.5867948970990255,-0.4352951250039041,5.7257494065213945e-06
22.757906506181317,0.671069963980699,-0.5156521449134743,4.929414666268058e-06
22.777906506181317,0.6107457872858504,-0.486945927128545,5.327037893652864e-06
22.797906506181317,0.6965973449987359,-0.42401191327371635,5.216014109891178e-06
22.817906506181316,0.5670593800023198,-0.4443534275633283,5.776783375859276e-06
22.837906506181316,0.6128922715288354,-0.6008656391059048,4.811799324179407e-06
22.857906506181315,0.6673420663573779,-0.3222374259494245,5.899422402225133e-06
22.877906506181315,0.6209392212076636,-0.4551999546965817,5.4227375080961525e-06
22.897906506181315,0.6192615777782748,-0.7145764417946339,4.373289304535671e-06
22.917906506181314,0.6085949652042473,-0.6539744061592501,4.618310092644969e-06
22.937906506181314,0.6028179974309751,-0.33944061235524714,6.185723691703046e-06
22.957906506181313,0.6122222740959842,-0.4461034964188002,5.505111592318574e-06
22.977906506181313,0.6341297049511923,-0.47544274950632825,5.248744285801658e-06
22.997906506181312,0.5797031856200192,-0.5798900843656156,5.020295152207264e-06
23.017906506181312,0.5581853254989255,-0.7927491209702566,4.307509882991899e-06
23.03790650618131,0.5831929729974945,-0.6297540771483909,4.795626895404175e-06
23.05790650618131,0.6277266422985122,-0.47372601334973297,5.278936137779552e-06
23.07790650618131,0.5609103992610471,-0.491269532678416,5.523917131973168e-06
23.09790650618131,0.5418548932357226,-0.4994217262137681,5.579509474823818e-06
23.11790650618131,0.553576529287966,-0.5081713081926864,5.4697642524674005e-06
23.13790650618131,0.5438197841576766,-0.6627198451315053,4.811432791445607e-06
23.15790650618131,0.5604898406309076,-0.37546426616609097,6.199925984430478e-06
23.17790650618131,0.5372618636138213,-0.8419997388264164,4.205529997725403e-06
23.197906506181308,0.4837998785660602,-0.4472596317064017,6.227552269848578e-06
23.217906506181308,0.6029758624499664,-0.4793031926928961,5.355291434236496e-06
23.237906506181307,0.4657764883595519,-0.5714335014054086,5.585746545546228e-06
23.257906506181307,0.5317664700341993,-0.7419152548536658,4.546883605010245e-06
23.277906506181306,0.5182927258865675,-0.5592276341703837,5.372504290273972e-06
23.297906506181306,0.5365098138499889,-0.3903124185744673,6.2435507074208185e-06
23.317906506181306,0.5285447165224468,-0.7249954549479298,4.614443174302438e-06
23.337906506181305,0.4507822216837667,-0.5352885936308667,5.863772801465474e-06
23.357906506181305,0.5319460134487599,-0.5125715899048373,5.533441278559737e-06
23.377906506181304,0.5003548834356479,-0.5566464333096519,5.465936914615384e-06
23.397906506181304,0.48531240637203155,-0.5767833543941379,5.437554240171904e-06
23.417906506181303,0.516414679819718,-0.5228181969141588,5.554971824807628e-06
23.437906506181303,0.4422663179866504,-0.5807129475288093,5.6410172105112185e-06
23.457906506181303,0.5043326780360076,-0.38897471874952316,6.457320446919673e-06
23.477906506181302,0.4694570556166582,-1.338436109945178,3.1894009067489207e-06
23.4979065061813,0.46022903569974005,-0.48055076925083995,6.126643214074207e-06
23.5179065061813,0.417090209419257,-0.5124932585749775,6.197963834072555e-06
23.5379065061813,0.4449452528497204,-0.9886491720099002,4.017358647682366e-06
23.5579065061813,0.48467994849488605,-0.3700247185770422,6.735652974688185e-06
23.5779065061813,0.4092660179157974,-0.5772242750972509,5.833535261355228e-06
23.5979065061813,0.4432659942197006,-0.828947018017061,4.521632086731438e-06
23.6179065061813,0.44652962205873337,-0.5244678741210009,5.921967840050693e-06
23.6379065061813,0.424391959735658,-0.6297656184760854,5.452647719721039e-06
23.6579065061813,0.43522817887424026,-0.8302714581950568,4.540291516867134e-06
23.677906506181298,0.4651795285753906,-0.7724905323702842,4.6405356942589e-06
23.697906506181297,0.43219611259701196,-0.4482045900076628,6.521111797070139e-06
23.717906506181297,0.37646819346991833,-0.8833175156032667,4.555500177765527e-06
23.737906506181297,0.4272773668417358,-0.5585138809110504,5.819408396604703e-06
23.757906506181296,0.3788230454956647,-0.5381432680878788,6.253746372365867e-06
23.777906506181296,0.38546113419215544,-0.5556040587835014,6.0912260292897984e-06
23.797906506181295,0.4223479474312626,-1.040937767829746,3.915853463301993e-06
23.817906506181295,0.3472335253027268,-0.5817609870573506,6.165552650814297e-06
23.837906506181294,0.31987404805840924,-0.5641841967226355,6.4764073885739636e-06
23.857906506181294,0.37651383312186226,-0.8814693921012804,4.5495954339743414e-06
23.877906506181294,0.3835355088522192,-0.6593609190167626,5.485757222151858e-06
23.897906506181293,0.3787681681133108,-0.5770858924370259,5.982968302723826e-06
23.917906506181293,0.3471504299377557,-0.424078478012234,7.412383918127463e-06
23.937906506181292,0.35101945578935556,-1.0536233964376152,4.06823368249005e-06
23.957906506181292,0.3620330620324239,-0.5377446317579597,6.348463408904023e-06
23.97790650618129,0.31935578273260035,-0.8881631231633946,4.728700332943716e-06
23.99790650618129,0.3739508339058375,-0.8027294409112073,4.8507552673082165e-06
24.01790650618129,0.32555157877504826,-0.46794722834602,7.190399331484113e-06
24.03790650618129,0.34328463180645485,-0.707256962050451,5.42899725826027e-06
24.05790650618129,0.34512466446904,-0.8338868828723207,4.835552178672379e-06
24.07790650618129,0.3333590862166602,-0.5696852412074804,6.3108233202427254e-06
24.09790650618129,0.30807762497715885,-0.5946015540976077,6.31094416233518e-06
24.11790650618129,0.33878207321686205,-1.2017566489521414,3.6964906695992093e-06
24.137906506181288,0.290371971190325,-0.38189456169493496,8.467451256023488e-06
24.157906506181288,0.3119477464333613,-0.8091948772780597,5.075340282357401e-06
24.177906506181287,0.3093007524003042,-0.4047847683541477,7.965431758154083e-06
24.197906506181287,0.320849178955541,-1.1210199703928083,3.943369722352305e-06
24.217906506181286,0.3182886717841029,-0.6312825926579535,5.985486120817412e-06
24.237906506181286,0.2975663983556842,-0.45798831386491656,7.519609004420808e-06
24.257906506181286,0.3087819502397906,-1.2665037703700364,3.6052404175105125e-06
24.277906506181285,0.2617526999965776,-0.468495290260762,7.774195582872211e-06
24.297906506181285,0.29616592888487503,-0.7711436743848026,5.317047823991449e-06
24.317906506181284,0.27242948491220886,-0.6174386933562346,6.374839916992645e-06
24.337906506181284,0.2631689966947306,-0.45471110567450523,7.899090085638964e-06
24.357906506181283,0.2584486113337334,-0.8052174784243107,5.329142443619885e-06
24.377906506181283,0.24546316839405335,-0.5588489894289523,7.044880171019767e-06
24.397906506181283,0.24383544787269784,-0.5980391995981336,6.727967219612133e-06
24.417906506181282,0.23970106589695206,-0.606857560807839,6.688192689063595e-06
24.43790650618128,0.24288657918805256,-0.6495002685114741,6.342297877843552e-06
24.45790650618128,0.2499202927137958,-0.7472872686339542,5.673495218553775e-06
24.47790650618128,0.2365840170677984,-0.8307321588508785,5.298788879970022e-06
24.49790650618128,0.2341406203704537,-1.4118328301701695,3.4346567618000375e-06
24.51790650618128,0.22297146390883427,-0.5889516322713462,6.960263404875063e-06
24.53790650618128,0.22888581069855718,-0.7539154613623396,5.747917751951548e-06
24.55790650618128,0.24227315445023123,-0.7980649989913218,5.427945234123343e-06
24.57790650618128,0.206986568911816,-0.7300788157444913,6.0238826460532385e-06
24.59790650618128,0.21608689578079066,-0.5624227919615805,7.247996982389232e-06
24.617906506181278,0.2079852546685288,-0.7152973850315902,6.109183657117987e-06
24.637906506181277,0.21041793008589593,-1.0105845308862627,4.617824051028155e-06
24.657906506181277,0.19358920375282196,-0.30363998049870133,1.1335319348656694e-05
24.677906506181277,0.19891761103258432,-0.7156815920607187,6.160196744401055e-06
24.697906506181276,0.1901081793475896,-0.7629221817478538,5.909547901870777e-06
24.717906506181276,0.17468965502484934,-1.2056440408341587,4.078617409319546e-06
24.737906506181275,0.17195804351649713,-0.8038146695471369,5.767475680595945e-06
24.757906506181275,0.1760747206008091,-0.5720132863207255,7.520023145120022e-06
24.777906506181274,0.18474758919182932,-1.0960044381208718,4.390781423310814e-06
24.797906506181274,0.17211592471721815,-1.385635853279382,3.6086606897283296e-06
24.817906506181274,0.17685845813684864,-0.7311548644211143,6.188558535853548e-06
24.837906506181273,0.17638414025714155,-0.8568529543699697,5.436489009981185e-06
24.857906506181273,0.16550658782944083,-0.6493919847998768,6.890527741445809e-06
24.877906506181272,0.16303702631557826,-1.430705197621137,3.5218780283044474e-06
24.897906506181272,0.14135636751598213,-0.4105762201361358,1.0165868103234844e-05
24.91790650618127,0.13117778382002143,-1.4574331694748253,3.5306193166568998e-06
24.93790650618127,0.13125334031064995,-0.7371054538525641,6.4566206892458e-06
24.95790650618127,0.13470400522783166,-0.77705516757851,6.1470047286875265e-06
24.97790650618127,0.1366264692369441,-0.5616854571271688,8.022882433549172e-06
24.99790650618127,0.1434054327546619,-0.7203791022766382,6.483566189923163e-06
25.01790650618127,0.11859878741961438,-0.8141648020828143,6.001856565963902e-06
25.03790650618127,0.1260564589091473,-0.8835861315601505,5.542759845009983e-06
25.05790650618127,0.10966449116676813,-0.6456802643369883,7.4060778713584965e-06
25.077906506181268,0.11385396422701888,-0.6264484820421785,7.553756863218231e-06
25.097906506181268,0.11312110678045428,-1.14550278079696,4.441337160285639e-06
25.117906506181267,0.1137712295021629,-0.7018652992555872,6.850954502918297e-06
25.137906506181267,0.10688194860995281,-0.9208804146328475,5.434943554348006e-06
25.157906506181266,0.09071201633196324,-1.0180045749875717,5.036235134013023e-06
25.177906506181266,0.09460697155554953,-0.4819029006175697,9.681876514641044e-06
25.197906506181265,0.09813117237354163,-0.5433868558611721,8.697512039584581e-06
25.217906506181265,0.08791966688067987,-1.0947498206514865,4.7160796077074935e-06
25.237906506181265,0.08260868790785025,-0.6061435407027602,8.095061146553822e-06
25.257906506181264,0.0815253642767857,-2.234698061365634,2.406255490338828e-06
25.277906506181264,0.07729760912116035,-0.755828749621287,6.687299984937748e-06
25.297906506181263,0.06640617304219631,-0.7913426511222497,6.4929478814606534e-06
25.317906506181263,0.07366451440611854,-0.7549026582855731,6.719124570424029e-06
