temperature,warming_derivatives,cooling_derivatives,heat_capacity
23.826438641086547,0.9326229739090195,-0.09149653841450345,5.467657959210725e-06
23.846438641086547,0.8695509678509552,-0.08416804491207586,5.868987682891976e-06
23.866438641086546,0.9040218410082161,-0.08174477057764307,5.675957963777293e-06
23.886438641086546,0.8646227572608041,-0.08322393555863528,5.900780557934676e-06
23.906438641086545,0.8325696978718042,-0.09127444182740874,6.0516764345254415e-06
23.926438641086545,0.9875719546107575,-0.11057877492567059,5.089191974882391e-06
23.946438641086544,0.8880745527276304,-0.08950066014222102,5.71468418924564e-06
23.966438641086544,0.6673452735412866,-0.10103921410700423,7.267678076639885e-06
23.986438641086544,0.8752735599409789,-0.08988522156141698,5.783678795121325e-06
24.006438641086543,0.9766994472593069,-0.11140046403306769,5.1282400455843864e-06
24.026438641086543,0.8293942843447439,-0.12554188813373912,5.841079950453397e-06
24.046438641086542,0.905257647682447,-0.16012437915196642,5.233537204308947e-06
24.066438641086542,0.8350508506118786,-0.11321163177490234,5.877657088571244e-06
24.08643864108654,0.8032143218406418,-0.10790752155298833,6.114885383940608e-06
24.10643864108654,0.8378350279090228,-0.1288119293494674,5.76141339421746e-06
24.12643864108654,0.6222603534115478,-0.10997545026475564,7.602927883813908e-06
24.14643864108654,0.9279309660778381,-0.14089381304074777,5.206640608011888e-06
24.16643864108654,0.7454964585485868,-0.1421621710906038,6.266861759021309e-06
24.18643864108654,0.8525178300624248,-0.1383044680551393,5.612212535417232e-06
24.20643864108654,0.8409393684996758,-0.12861198707832955,5.7331296606418695e-06
24.22643864108654,0.7432591847027652,-0.13359453435987234,6.336777486487546e-06
24.246438641086538,0.8136807494920504,-0.15257424420269672,5.748268680155137e-06
24.266438641086538,0.7829174787329976,-0.1883233516709879,5.716579499996548e-06
24.286438641086537,0.9435626658378169,-0.16426350375479615,5.0098610335146755e-06
24.306438641086537,0.7109898736234754,-0.14837980575975962,6.455789075200225e-06
24.326438641086536,0.7702586394952959,-0.15177875164954457,6.014720661745822e-06
24.346438641086536,0.8127261952031404,-0.1901411444414407,5.527856211047616e-06
24.366438641086535,0.6946996570331976,-0.12308165081776679,6.776334600986721e-06
24.386438641086535,0.9001702930545434,-0.22070401304517873,4.942101572500555e-06
24.406438641086535,0.6935846331180073,-0.19001637044129893,6.2667704963111554e-06
24.426438641086534,0.8048390026669949,-0.1707529215636896,5.673724374043129e-06
24.446438641086534,0.6908562477910891,-0.16275158352800645,6.482048964563835e-06
24.466438641086533,0.8074920276121702,-0.250066658569267,5.2299924921667945e-06
24.486438641086533,0.7228251001506578,-0.2070684818609152,5.94576068390037e-06
24.506438641086532,0.7150932966615073,-0.17539539032441098,6.206481289171777e-06
24.526438641086532,0.726017265853443,-0.19914196863101097,5.971651597789856e-06
24.54643864108653,0.7167750302396598,-0.22158424399094656,5.885397588570997e-06
24.56643864108653,0.734939558969927,-0.1551775674452074,6.202020215798352e-06
24.58643864108653,0.6324886773654725,-0.23757905548700364,6.342590416809552e-06
24.60643864108653,0.6486214743345045,-0.2273045805777656,6.2977287282202725e-06
24.62643864108653,0.7213098422071198,-0.18290501474984922,6.098397981525357e-06
24.64643864108653,0.6135050340672024,-0.2834053327096626,6.145758698525234e-06
24.66643864108653,0.6593976150616072,-0.22388108109589666,6.238271202949673e-06
24.68643864108653,0.6634639447438531,-0.2054582190758083,6.338920162774441e-06
24.706438641086528,0.7424444352509454,-0.2278632614761591,5.674449330001929e-06
24.726438641086528,0.6178143378492678,-0.2363684086849389,6.443438371741207e-06
24.746438641086527,0.756851454731077,-0.3025825581862591,5.1931510547310676e-06
24.766438641086527,0.7113069165498018,-0.21075971637037583,5.964561270073887e-06
24.786438641086527,0.5652939833817072,-0.22797164591611363,6.930416364997951e-06
24.806438641086526,0.5908141871914268,-0.31120993371587247,6.092537749039273e-06
24.826438641086526,0.6319836186739849,-0.25851188715023454,6.169059360815921e-06
24.846438641086525,0.628085315329372,-0.2323695828235941,6.38205318362372e-06
24.866438641086525,0.5646106873755343,-0.2147495211684145,7.043505920618742e-06
24.886438641086524,0.7423328295117244,-0.3127156018745154,5.2010719991101836e-06
24.906438641086524,0.5321135577978566,-0.29220467261620797,6.65437065218155e-06
24.926438641086524,0.6952358839916997,-0.22225029638502747,5.9763975140654995e-06
24.946438641086523,0.5800350409117527,-0.3218512120365631,6.077493915894767e-06
24.966438641086523,0.6236077953651034,-0.2754664826061344,6.094235243539361e-06
24.986438641086522,0.6489885533228517,-0.22852010605856776,6.241677751571135e-06
25.006438641086522,0.5605180255515734,-0.3501851210021414,6.011920049987842e-06
25.02643864108652,0.5602203533053398,-0.26872723635460716,6.602389761643013e-06
25.04643864108652,0.5200088430428877,-0.3417068743146956,6.348931474844518e-06
25.06643864108652,0.6161268491414376,-0.25251363089773804,6.295993128865692e-06
25.08643864108652,0.608377406722866,-0.40589205373544246,5.390011150072063e-06
25.10643864108652,0.5719197900907602,-0.20721211069030687,7.014079714559317e-06
25.12643864108652,0.5093199610419106,-0.23193882463965565,7.369688455912081e-06
25.14643864108652,0.5735532780963695,-0.32244015421019867,6.09475472235048e-06
25.16643864108652,0.5377091932168696,-0.38894265750423074,5.890917384136862e-06
25.186438641086518,0.5520110429351917,-0.26771082363120513,6.656847322825991e-06
25.206438641086518,0.5022569274296984,-0.21924178896006197,7.56033258514599e-06
25.226438641086517,0.49065715860342607,-0.38531355903251097,6.22479753045914e-06
25.246438641086517,0.6686881467467174,-0.2987650966824731,5.6341075817562965e-06
25.266438641086516,0.5140669175889343,-0.38235155888833106,6.078350316088893e-06
25.286438641086516,0.5784488106291974,-0.29160614308784716,6.260168345233675e-06
25.306438641086515,0.49439506183261983,-0.3260211010274361,6.636489919003152e-06
25.326438641086515,0.5051992995431647,-0.3261488880380057,6.546851841463884e-06
25.346438641086515,0.5182197772192012,-0.4602276883088052,5.560522677309051e-06
25.366438641086514,0.5593387064291164,-0.30412365449228673,6.298696414716887e-06
25.386438641086514,0.5522970870079007,-0.23406301042996347,6.913714364790347e-06
25.406438641086513,0.5086192285816651,-0.31905120142619126,6.5662326558674315e-06
25.426438641086513,0.49501979161868803,-0.3886126867146231,6.148128782018094e-06
25.446438641086512,0.45610675419447944,-0.29797020979458466,7.2017652449787685e-06
25.466438641086512,0.5695898954290897,-0.2654410107061267,6.501180939426077e-06
25.48643864108651,0.5006260442096391,-0.36687230467941845,6.2555495391764385e-06
25.50643864108651,0.38738724088761955,-0.4621788506046869,6.385278932587951e-06
25.52643864108651,0.5033741564111551,-0.32811139037949033,6.521738053369251e-06
25.54643864108651,0.5071617700887145,-0.29991516045993194,6.716488476668139e-06
25.56643864108651,0.44850790290365694,-0.3154165913001634,7.093302998865684e-06
25.58643864108651,0.5018651634454727,-0.3749317704932764,6.177924037323107e-06
25.60643864108651,0.4515907189925201,-0.35763950156979263,6.691304157377748e-06
25.62643864108651,0.4904443176201312,-0.3605478252284229,6.36061050440618e-06
25.646438641086508,0.44433861538709607,-0.47656684508547187,5.87554417693178e-06
25.666438641086508,0.4520565961538523,-0.2946091031190008,7.244068989848798e-06
25.686438641086507,0.4600231883159722,-0.32088811324501876,6.923842557194072e-06
25.706438641086507,0.4717066320881713,-0.45264067940297537,5.847275469302189e-06
25.726438641086506,0.4589359809178859,-0.4706293923954945,5.812353126871826e-06
25.746438641086506,0.4493926432041917,-0.30407362470577937,7.168229682275988e-06
25.766438641086506,0.41273051433381625,-0.5655117068672553,5.519118483800851e-06
25.786438641086505,0.4502767504309304,-0.4563108649163041,5.953181544056206e-06
25.806438641086505,0.38417314863181673,-0.4065651211421937,6.8228841216485806e-06
25.826438641086504,0.4459772182162851,-0.5129117820761167,5.62441329950265e-06
25.846438641086504,0.41762756875687046,-0.35761723306495696,6.9542278401404275e-06
25.866438641086503,0.4063563696836354,-0.4535253489157185,6.267430463474102e-06
25.886438641086503,0.3702908819541335,-0.38332386464389856,7.148624119935193e-06
25.906438641086503,0.3982176464123768,-0.551605339278467,5.669864111532844e-06
25.926438641086502,0.4044955114040931,-0.3708946822443977,6.9428819363848254e-06
25.9464386410865,0.3692882949835621,-0.47342698223656043,6.385874778244586e-06
25.9664386410865,0.4100409612583462,-0.4934206491452642,5.954366800040467e-06
25.9864386410865,0.3705826244840864,-0.5417882149922661,5.894075202436127e-06
26.0064386410865,0.37524390202634095,-0.3828212906373665,7.091287946906269e-06
26.0264386410865,0.4139296346111223,-0.2896432109409943,7.637751789599906e-06
26.0464386410865,0.37786828015669016,-0.46597258039400913,6.36587029222112e-06
26.0664386410865,0.4035780942067504,-0.5622850954532623,5.559674910057293e-06
26.0864386410865,0.348552692681551,-0.2553751706145704,8.888303563169805e-06
26.1064386410865,0.3305472979845945,-0.6837972640059888,5.2900993921512105e-06
26.126438641086498,0.402526184625458,-0.36410664999857545,6.996937815129899e-06
26.146438641086498,0.3086884379736148,-0.3609286640530627,8.007779237954054e-06
26.166438641086497,0.37737318195286207,-0.5257777025108226,5.93502362459039e-06
26.186438641086497,0.3557574931764975,-0.3306937930174172,7.805799676051423e-06
26.206438641086496,0.31790976866614074,-0.45597655772871803,6.921389745819941e-06
26.226438641086496,0.2723810697789304,-0.4493470672168769,7.418967875653074e-06
26.246438641086495,0.3600173214217648,-0.3029893464408815,8.073169310797167e-06
26.266438641086495,0.30817759261117317,-0.35514718806371093,8.066427010510727e-06
26.286438641086495,0.345692914139363,-0.48116400686558336,6.468749853606947e-06
26.306438641086494,0.323472496951581,-0.5099581833346747,6.4154295786633335e-06
26.326438641086494,0.32409625815034815,-0.48155995563138276,6.634237550135409e-06
26.346438641086493,0.2943748508405406,-0.26511276816017926,9.549836482444849e-06
26.366438641086493,0.3168281888065394,-0.9084364450536668,4.359133398586739e-06
26.386438641086492,0.3065002063776774,-0.30273588187992573,8.7637859036686e-06
26.406438641086492,0.3298090559837874,-0.7788624004460871,4.814138884979696e-06
26.42643864108649,0.28989980436017504,-0.35060439817607403,8.330000597877162e-06
26.44643864108649,0.268575660942588,-0.42766180720354896,7.660465383458698e-06
26.46643864108649,0.28537065009550133,-0.7476792719680816,5.161051460471054e-06
26.48643864108649,0.3123337476863526,-0.42956054699607193,7.183931602176034e-06
26.50643864108649,0.26530773116246564,-0.7502366015687585,5.246299541856276e-06
26.52643864108649,0.2866927365794254,-0.4012610563659109,7.741710193966138e-06
26.54643864108649,0.2636804648573161,-0.668460295535624,5.7116532880825195e-06
26.56643864108649,0.2761393522378057,-0.437896310351789,7.453663540873802e-06
26.586438641086488,0.2859912901476491,-0.5392848548362963,6.446698279999619e-06
26.606438641086488,0.2578646078327438,-0.4185546706430614,7.86261113752861e-06
26.626438641086487,0.249656197411241,-0.6152959470637143,6.146625061047695e-06
26.646438641086487,0.2542565435396682,-0.6279556461086031,6.024241201859087e-06
26.666438641086486,0.2783399778709281,-0.3726767751504667,8.160732290911515e-06
26.686438641086486,0.2169012111844495,-0.33701344847213477,9.588023445152871e-06
26.706438641086486,0.27564889306086116,-0.6985080532031134,5.449866303443628e-06
26.726438641086485,0.23416453995014308,-0.4748338279314339,7.485451715002315e-06
26.746438641086485,0.24253463091736194,-0.5989286793046631,6.3048579892372e-06
26.766438641086484,0.22070869375238544,-0.4419431446585804,8.00336777673006e-06
26.786438641086484,0.21722601793590002,-0.5395692712263553,7.005297557878072e-06
26.806438641086483,0.2089409969485132,-0.7182366435881704,5.7159750111485815e-06
26.826438641086483,0.21975209127003836,-0.41939699614886194,8.28893035308615e-06
26.846438641086483,0.1911595076089725,-0.2813065485097468,1.1209253301895591e-05
26.866438641086482,0.2150333673125715,-0.9186739106662571,4.669764916015036e-06
26.88643864108648,0.21404709795751842,-0.5515670529075578,6.912475767704101e-06
26.90643864108648,0.20746690993837547,-0.35970202763564885,9.327796614369695e-06
26.92643864108648,0.19577434850361897,-0.4500159318558872,8.189330142370135e-06
26.94643864108648,0.1935722343478119,-0.9198859077878296,4.748022506263808e-06
26.96643864108648,0.20039131923840614,-0.45478066010400653,8.066395212024462e-06
26.98643864108648,0.16065380914369598,-0.7146799442125484,6.0354798986344995e-06
27.00643864108648,0.16786389361368492,-0.4228002924937755,8.941113111554506e-06
27.02643864108648,0.2003012189816218,-0.44101109745679423,8.232099096834325e-06
27.04643864108648,0.16820307154557668,-0.5541872543253703,7.305634148676908e-06
27.066438641086478,0.17803964082850143,-0.7531173201277852,5.665731979943908e-06
27.086438641086477,0.17189059793236083,-0.448188322247006,8.50512237253641e-06
27.106438641086477,0.15726833062944934,-0.6546888503944501,6.492946018655113e-06
27.126438641086477,0.1601300315160188,-0.478284482145682,8.255100225093852e-06
27.146438641086476,0.14424226056144107,-0.7410909003810957,5.9506785996062905e-06
27.166438641086476,0.16025772562352358,-0.3681815780000761,9.966166393202077e-06
27.186438641086475,0.1622340828907909,-0.7468533238570672,5.7911663267640396e-06
27.206438641086475,0.13864555597683648,-0.43596630613319576,9.159007342724332e-06
27.226438641086474,0.14192045837262413,-0.880351863335818,5.146401078104988e-06
27.246438641086474,0.1267102529964177,-0.3607079272624105,1.0789909403338852e-05
27.266438641086474,0.14501358184497803,-0.7442077153827995,5.912346345406062e-06
27.286438641086473,0.12288021679705707,-0.6151885250001214,7.12070873085976e-06
27.306438641086473,0.13271512831852306,-0.48768865794409066,8.468266820677834e-06
27.326438641086472,0.13784202434908366,-0.4784380248747766,8.52199084112647e-06
27.346438641086472,0.12784433420165442,-0.7614784747129306,5.903497015858266e-06
27.36643864108647,0.12490822630934417,-0.530141751980409,8.012062254381551e-06
27.38643864108647,0.11160348625708139,-0.699495110893622,6.468388591831012e-06
27.40643864108647,0.09583786710572895,-0.7166172113502398,6.455349414268617e-06
27.42643864108647,0.11133294553292217,-0.9636977930786088,4.876954522558065e-06
27.44643864108647,0.10217808812194562,-0.5968899577273987,7.497237628560973e-06
27.46643864108647,0.10136018054254237,-0.444383671390824,9.600250856389812e-06
27.48643864108647,0.09976913483933458,-0.46469936636276543,9.278602418354973e-06
27.50643864108647,0.09337779464840423,-0.7295018974691629,6.362597910675106e-06
27.526438641086468,0.08570037217350546,-0.3738777167163789,1.1388422997629038e-05
27.546438641086468,0.07991049332486,-1.3094253703020513,3.765885298652976e-06
27.566438641086467,0.07694904816889903,-0.32106283167377114,1.3141015781709005e-05
27.586438641086467,0.08175385304639349,-0.6011606573592871,7.656123310937839e-06
27.606438641086466,0.08544009082834236,-1.1225108401849866,4.326915076075694e-06
27.626438641086466,0.0726532274929923,-0.7816018058802001,6.116337814525137e-06
27.646438641086466,0.06964913862429967,-0.5659348103799857,8.21781678811212e-06
23.811618965798186,0.9841199317306746,-0.06449914502445608,5.341470889843071e-06
23.831618965798185,0.924444776661403,-0.050396994076436386,5.7434907787799254e-06
23.851618965798185,1.0448471680283546,-0.10504166570171947,4.8672555543644794e-06
23.871618965798184,0.9464384809543844,-0.08858621950639645,5.405330078540542e-06
23.891618965798184,0.7987173766596243,-0.08625248462249147,6.3193626602595306e-06
23.911618965798183,0.8199781829025596,-0.10605241496523377,6.036842807912854e-06
23.931618965798183,0.9337447051075287,-0.08417328135692514,5.489753493124194e-06
23.951618965798183,0.9046660494204843,-0.11847012611542596,5.459614900859396e-06
23.971618965798182,0.7454270699527115,-0.11394091782858595,6.497572741388338e-06
23.99161896579818,0.9672618472122849,-0.10653915323047158,5.198022587046724e-06
24.01161896579818,0.7377600818872452,-0.12038702218342223,6.501729633618028e-06
24.03161896579818,1.0167366500245407,-0.1237311398217571,4.890350953810703e-06
24.05161896579818,0.680740911513567,-0.09499109287571628,7.186965861513361e-06
24.07161896579818,1.026488896110095,-0.1307396082120249,4.81581768431293e-06
24.09161896579818,0.7217877341900021,-0.1132091652834788,6.671691492050435e-06
24.11161896579818,0.7969742187851807,-0.13056298677111045,6.003769037408507e-06
24.13161896579818,0.9020208728616126,-0.12402090479281469,5.425290123032336e-06
24.15161896579818,0.7058076348621398,-0.14499877746857237,6.54017857951097e-06
24.171618965798178,0.8823674456216395,-0.11774475095444359,5.561642156078198e-06
24.191618965798177,0.7355401035165414,-0.14519501180984662,6.31304690341694e-06
24.211618965798177,0.7707695384742692,-0.1664257747324882,5.930481844150168e-06
24.231618965798177,0.8973012170754373,-0.14934598566833301,5.308283708083256e-06
24.251618965798176,0.7784525205934187,-0.15793318395299139,5.931027175264406e-06
24.271618965798176,0.7606144048622809,-0.16509581190439349,5.997134444542976e-06
24.291618965798175,0.7768855954054743,-0.16840004079858772,5.870753389002294e-06
24.311618965798175,0.7409317768760957,-0.18051102792378515,6.020304848973891e-06
24.331618965798175,0.8253587539293221,-0.13037883254582994,5.8020333096349225e-06
24.351618965798174,0.5991207674378529,-0.16560846180072986,7.248491811430265e-06
24.371618965798174,0.8314792660530657,-0.20361789021990262,5.353155830079033e-06
24.391618965798173,0.73198573209811,-0.23217694638879038,5.744759479534561e-06
24.411618965798173,0.6988843876169994,-0.16765456571010873,6.389561685116988e-06
24.431618965798172,0.7881895207683556,-0.17309459306125063,5.757610862403962e-06
24.451618965798172,0.6600280331040267,-0.17211397254141048,6.64858117251479e-06
24.47161896579817,0.8480289548751898,-0.17588452476775274,5.4013136757701325e-06
24.49161896579817,0.7066006300156005,-0.2496456471271813,5.7813180874546865e-06
24.51161896579817,0.6995373624558852,-0.18798776270705275,6.22659303585199e-06
24.53161896579817,0.7680645994842052,-0.21392115273920354,5.625528322262294e-06
24.55161896579817,0.6584020996233448,-0.17358734292793088,6.637212624213029e-06
24.57161896579817,0.7309604448091704,-0.2142038493475411,5.840257763480698e-06
24.59161896579817,0.6963556563860038,-0.21794494737696368,6.035110624253115e-06
24.61161896579817,0.6585825936199399,-0.2357587510925896,6.167476808195715e-06
24.631618965798168,0.7280133196763927,-0.2025035897968337,5.925431466390073e-06
24.651618965798168,0.5838912598555908,-0.2421211655891966,6.672608036596785e-06
24.671618965798167,0.8177292796317488,-0.23183685302137746,5.249381903533433e-06
24.691618965798167,0.6836498138145544,-0.26125509959092597,5.8286228629250994e-06
24.711618965798166,0.6113354931585491,-0.21267694977177598,6.681208319127502e-06
24.731618965798166,0.5975030801491812,-0.25142891297582537,6.482651800619024e-06
24.751618965798166,0.7612502914853394,-0.20519404188962653,5.6922811215758885e-06
24.771618965798165,0.5784099523443729,-0.2354063859966118,6.757293390568249e-06
24.791618965798165,0.7256419666227885,-0.31025040813256055,5.306662481075059e-06
24.811618965798164,0.6461665296083083,-0.2052424269495532,6.454097261012151e-06
24.831618965798164,0.6323512159069651,-0.273139390956203,6.0663189642451885e-06
24.851618965798163,0.5704903185833246,-0.22280486827366985,6.921697089515226e-06
24.871618965798163,0.5761955167108681,-0.1986327289196197,7.084004007178784e-06
24.891618965798163,0.7082999542471953,-0.3204438569955528,5.333552150203784e-06
24.911618965798162,0.47899514122400433,-0.26039760113781085,7.417963682860659e-06
24.93161896579816,0.6108819961955305,-0.22520969819743186,6.55755404339385e-06
24.95161896579816,0.636056979681598,-0.3351673337529064,5.6430872015880355e-06
24.97161896579816,0.6010357892955653,-0.22732327022822574,6.6138345048250955e-06
24.99161896579816,0.6437064697092865,-0.24193128297338262,6.18377104186722e-06
25.01161896579816,0.5945425522950245,-0.3299565091438126,5.921619876539825e-06
25.03161896579816,0.644728053943254,-0.30849774327361956,5.741035895908255e-06
25.05161896579816,0.5634883968523354,-0.21884896032861434,6.9924832767472875e-06
25.07161896579816,0.5851267240650486,-0.285681848850345,6.279716654997116e-06
25.09161896579816,0.5569569982762914,-0.23844637564616278,6.872495776880158e-06
25.111618965798158,0.5310077066533267,-0.3052840317832306,6.534025851344887e-06
25.131618965798157,0.6119463855575304,-0.3374187840381637,5.753674595985285e-06
25.151618965798157,0.5693866828078171,-0.20763489522505552,7.0272174241257835e-06
25.171618965798157,0.5524447583156871,-0.31645697477506474,6.281832286130573e-06
25.191618965798156,0.5341925797692966,-0.3747217519558035,6.003041690431484e-06
25.211618965798156,0.595208032784285,-0.30462976498529315,6.0613530120533134e-06
25.231618965798155,0.4757000863319263,-0.3153576820041053,6.892368657629088e-06
25.251618965798155,0.577483539324021,-0.31894759231363423,6.079884177502823e-06
25.271618965798154,0.5509365020843688,-0.39179242827231064,5.779178137495642e-06
25.291618965798154,0.4412519921315834,-0.3406403558474267,6.965363074674477e-06
25.311618965798154,0.5887201251462102,-0.3895828245440498,5.564923463085573e-06
25.331618965798153,0.5370537875423906,-0.2907250199837108,6.574437761082002e-06
25.351618965798153,0.48694224073551595,-0.220685726380907,7.687873776302695e-06
25.371618965798152,0.4264875692897476,-0.38461388584255474,6.704666514003451e-06
25.391618965798152,0.526795881538419,-0.3610591828764882,6.122797730188232e-06
25.41161896579815,0.5163584194451687,-0.37115343007826596,6.122912734434603e-06
25.43161896579815,0.45963156572543085,-0.33351365812995937,6.848883055876873e-06
25.45161896579815,0.47167859971523285,-0.4744066981365904,5.739613085150668e-06
25.47161896579815,0.5127215717293439,-0.22959740576334298,7.312447407983749e-06
25.49161896579815,0.4987703882798087,-0.3636054072121624,6.292151383709403e-06
25.51161896579815,0.5201481970434543,-0.3879343731678091,5.9732515948983915e-06
25.53161896579815,0.4979788062382795,-0.4277749902103096,5.857052906209538e-06
25.55161896579815,0.45306337194051594,-0.40885599034663755,6.288562070506965e-06
25.571618965798148,0.49207455120631494,-0.2790239192545414,7.026627902214807e-06
25.591618965798148,0.4022842150297947,-0.4153258769074455,6.62449151808319e-06
25.611618965798147,0.49024882893718313,-0.25700328627135605,7.245608612481511e-06
25.631618965798147,0.4942303196294233,-0.5720825240714476,5.075713923822104e-06
25.651618965798146,0.44787553750211373,-0.4314485451905057,6.1528393249405705e-06
25.671618965798146,0.41752928774803877,-0.27463597524911165,7.81368399664777e-06
25.691618965798146,0.45441122775082476,-0.44776005161111243,5.992649463392423e-06
25.711618965798145,0.49471118027577177,-0.5349793115747161,5.248596787053052e-06
25.731618965798145,0.4289576596493134,-0.40208990772953257,6.500791226993298e-06
25.751618965798144,0.44889502103615087,-0.37220996734686196,6.577104827211941e-06
25.771618965798144,0.45667406472421135,-0.1718631072435528,8.589045157032917e-06
25.791618965798143,0.394069931760896,-0.7545200993772596,4.698437048314786e-06
25.811618965798143,0.4558100947760977,-0.26765136839821935,7.456670614091012e-06
25.831618965798143,0.362270417943364,-0.4847656359197572,6.3664874131714165e-06
25.851618965798142,0.4309978537421557,-0.43743566458579153,6.207383525009372e-06
25.87161896579814,0.3792805862321984,-0.24675024789758027,8.607845562496917e-06
25.89161896579814,0.38977332479589677,-0.6777840566355735,5.0459149148020605e-06
25.91161896579814,0.4279877519438742,-0.2976228154730052,7.421143612963816e-06
25.93161896579814,0.38829613136476837,-0.5575708248652518,5.690979944685615e-06
25.95161896579814,0.41471613504108973,-0.37689311685971916,6.797536992690289e-06
25.97161896579814,0.40351643335634435,-0.5076791560277343,5.903266445345893e-06
25.99161896579814,0.36332426735316403,-0.3075960144633427,8.014506092576922e-06
26.01161896579814,0.36033681963454,-0.41949665268475655,6.892667725654342e-06
26.03161896579814,0.3922246023084881,-0.301525215851143,7.745183820398659e-06
26.051618965798138,0.4304524708422832,-0.522166536306031,5.638452134585037e-06
26.071618965798137,0.3582852354593342,-0.39092836558120325,7.166656154313649e-06
26.091618965798137,0.3415516230161302,-0.47521747928112745,6.571527578031554e-06
26.111618965798137,0.3783775763877202,-0.3970368845621124,6.9195159500844196e-06
26.131618965798136,0.3801449326274451,-0.37421389348673983,7.110081547154137e-06
26.151618965798136,0.36308078122965526,-0.5048460326070199,6.177549308992396e-06
26.171618965798135,0.37385324780188967,-0.42447505274321884,6.7136803837957064e-06
26.191618965798135,0.324018840197823,-0.48639360204106197,6.611228609226558e-06
26.211618965798134,0.34754397325741593,-0.5400528528844006,6.034148196184714e-06
26.231618965798134,0.32067648710653884,-0.4884911755216308,6.616643905230904e-06
26.251618965798134,0.3305276807068367,-0.38667412620270625,7.4624025023393975e-06
26.271618965798133,0.3473986119352048,-0.4448915033135563,6.752766016035545e-06
26.291618965798133,0.31417333307456374,-0.42146552278427407,7.270188187066356e-06
26.311618965798132,0.3396706768544391,-0.510956366721075,6.285163197448416e-06
26.331618965798132,0.33494586014785455,-0.4108339798403904,7.166212674385356e-06
26.35161896579813,0.3200774633878609,-0.49389693094417453,6.563494563157463e-06
26.37161896579813,0.29484087441232987,-0.52996342536062,6.475010366963454e-06
26.39161896579813,0.3164915672969073,-0.5000731690670364,6.538016029851871e-06
26.41161896579813,0.3277815629116958,-0.44179689686279744,6.934713613826353e-06
26.43161896579813,0.2835252200893592,-0.5341959192301147,6.524134809537063e-06
26.45161896579813,0.2989371350995498,-0.5495935679646209,6.284997041542325e-06
26.47161896579813,0.2940534855588339,-0.360820637200959,8.140695948135658e-06
26.49161896579813,0.29030769816745305,-0.48096741968765855,6.909671415088413e-06
26.511618965798128,0.2602843343047425,-0.7494508242234588,5.275976311004445e-06
26.531618965798128,0.28023276506428374,-0.43702469440177083,7.424745216874922e-06
26.551618965798127,0.2691660851924098,-0.5160372745303903,6.77988795351392e-06
26.571618965798127,0.2500449352519354,-0.4938481962890364,7.153837439368641e-06
26.591618965798126,0.25369648354535457,-0.4762725557266094,7.28773096296701e-06
26.611618965798126,0.23187445651274174,-0.5235250906807778,7.039895524236281e-06
26.631618965798125,0.26654549602244515,-0.6116139109508367,6.05364187964441e-06
26.651618965798125,0.24808435492377612,-0.6131055106907297,6.170722581065299e-06
26.671618965798125,0.23597498748858925,-0.40528535773046315,8.284177898282211e-06
26.691618965798124,0.268894431355875,-1.1184811105486006,3.827678668362749e-06
26.711618965798124,0.23729235154760886,-0.3290787774603814,9.372911340846696e-06
26.731618965798123,0.22660122971865349,-0.513938977588623,7.165964108247407e-06
26.751618965798123,0.22894254473794717,-0.4146651364862919,8.242335098013672e-06
26.771618965798123,0.22290181262724218,-0.5299394641624531,7.043930640665074e-06
26.791618965798122,0.22836196295247646,-0.554201060323976,6.774020864158142e-06
26.81161896579812,0.2295432851096848,-0.40170321764890105,8.394877369561132e-06
26.83161896579812,0.22831903651240282,-0.3877505286363885,8.598672101941592e-06
26.85161896579812,0.20139992173062637,-0.708390279323794,5.82059286252878e-06
26.87161896579812,0.19820009177783504,-0.6365164897288196,6.341862613199035e-06
26.89161896579812,0.232402790163178,-0.44038298807572573,7.865518404319541e-06
26.91161896579812,0.175822478660848,-0.7697265915048774,5.59458485837623e-06
26.93161896579812,0.21440104526118375,-0.5465929957572371,6.948943389406159e-06
26.95161896579812,0.21436944612651132,-0.7594460480613634,5.428392370520216e-06
26.97161896579812,0.20366936968639493,-0.416544780600816,8.520298465488777e-06
26.991618965798118,0.17678364622406662,-0.5359989159042016,7.4111854646295e-06
27.011618965798117,0.16933487843198236,-0.676425929996185,6.243742297630052e-06
27.031618965798117,0.20198158154380508,-0.42105453240219504,8.472848934960052e-06
27.051618965798117,0.17126195115270093,-0.5817202553153038,7.008168544472081e-06
27.071618965798116,0.1803941433026921,-0.649759957450442,6.354491110946517e-06
27.091618965798116,0.18327646893885685,-0.5533857869450003,7.1584568931334724e-06
27.111618965798115,0.17763622875645524,-0.5315990605158731,7.432687510501878e-06
27.131618965798115,0.12485408698557876,-0.6551130198058672,6.756311316574719e-06
27.151618965798114,0.17602482018992305,-0.4249102824833244,8.76610022833693e-06
27.171618965798114,0.14425758147990564,-0.7151260473765433,6.12770000123402e-06
27.191618965798114,0.15934531403763685,-0.5577652586798649,7.340868320613526e-06
27.211618965798113,0.14946033783780877,-0.6141120918618981,6.891763637771857e-06
27.231618965798113,0.140114356749109,-0.2431883029639721,1.3724311700810544e-05
27.251618965798112,0.14903005615633447,-1.3846680391579866,3.4288037723804044e-06
27.271618965798112,0.1233583991706837,-0.26834510639309883,1.342063041228093e-05
27.29161896579811,0.14267874778306577,-1.0915894357021898,4.257654968697882e-06
27.31161896579811,0.12228919045446673,-0.23864599782973528,1.4554642842305268e-05
27.33161896579811,0.11223153576429468,-0.6676112510031089,6.734019890190829e-06
27.35161896579811,0.13660464294662233,-0.4014758149860427,9.75624758437093e-06
27.37161896579811,0.09832946347887628,-0.7528751268400811,6.1651919974782275e-06
27.39161896579811,0.10660683547030203,-0.6880889411550015,6.601305969572111e-06
27.41161896579811,0.1121345103965723,-0.6524720062734559,6.858721790271362e-06
27.43161896579811,0.11338977255218197,-0.9241841756738722,5.052569497401807e-06
27.451618965798108,0.09253159928630339,-0.5121901363017969,8.666164430171791e-06
27.471618965798108,0.09684037458646344,-0.6386735891574062,7.1226441987588795e-06
27.491618965798107,0.08596698069595732,-0.6494080247357488,7.121550371567605e-06
27.511618965798107,0.09879254490078893,-0.7955894661135972,5.853418744418893e-06
27.531618965798106,0.09827803565713111,-0.2689580889418721,1.425080303529019e-05
27.551618965798106,0.08689466952796465,-0.8168958905152977,5.788523402391341e-06
27.571618965798105,0.08073269086526125,-0.473924727877602,9.428895930141506e-06
27.591618965798105,0.07458806314389221,-1.0115206534974277,4.813531072050189e-06
27.611618965798105,0.07400763976329472,-0.6039770368952304,7.70848722547699e-06
27.631618965798104,0.07578994064533617,-0.7464534182217903,6.353880398439704e-06
27.651618965798104,0.06368546666635666,-0.3971516191959381,1.1332957839197622e-05
23.805296829386165,0.9389131537172943,-0.06066609709523618,5.604226799964525e-06
23.825296829386165,0.8835315987817012,-0.09523950194125064,5.7211227182425985e-06
23.845296829386164,0.9281164341373369,-0.08854838605657278,5.505744277636934e-06
23.865296829386164,0.8930501719387394,-0.08414653658110183,5.725885062571289e-06
23.885296829386164,0.9450335411238484,-0.09519461034506094,5.3768430671919745e-06
23.905296829386163,0.9378644355747383,-0.10048036850639619,5.3845211398288975e-06
23.925296829386163,0.8524711294739973,-0.0818172537983628,5.981895629278426e-06
23.945296829386162,0.9304017852409743,-0.10677313455448711,5.386382450669711e-06
23.965296829386162,0.8426577470709162,-0.06376316392561421,6.161010330672244e-06
23.98529682938616,0.7859446303918958,-0.1039163251844002,6.273239925842338e-06
24.00529682938616,0.9128692404192407,-0.14518549205968156,5.273979746278182e-06
24.02529682938616,0.9869159427471459,-0.11356573655211832,5.0687028999035875e-06
24.04529682938616,0.7142457310110331,-0.1051455737251672,6.804845786351005e-06
24.06529682938616,0.935946447745664,-0.12379503346164711,5.259460240560497e-06
24.08529682938616,0.9585872512543574,-0.13098978720518062,5.11349945488772e-06
24.10529682938616,0.8164604333578609,-0.13301480666268617,5.865739248632674e-06
24.12529682938616,0.6091062817722559,-0.09765950811561197,7.877079415674416e-06
24.145296829386158,0.7352855645003729,-0.12794624265370658,6.446821620590592e-06
24.165296829386158,0.901815269025974,-0.1431049470047583,5.323817506893552e-06
24.185296829386157,0.7960058439639397,-0.10616680249222554,6.1638250895548295e-06
24.205296829386157,0.7999254011010635,-0.1640522400266491,5.766407292868276e-06
24.225296829386156,0.825483831751626,-0.14128076573251747,5.747555029931966e-06
24.245296829386156,0.7254745340324007,-0.11955546803073958,6.573059833445985e-06
24.265296829386156,0.8683667115692515,-0.17197975634553586,5.336984450967318e-06
24.285296829386155,0.785327478137333,-0.14198096310974506,5.98528310184028e-06
24.305296829386155,0.6435952298343182,-0.17710327699023765,6.76012177094879e-06
24.325296829386154,0.8012659229716519,-0.14722255515516736,5.847079469557032e-06
24.345296829386154,0.7951392643444706,-0.2005151207849849,5.568022075346187e-06
24.365296829386153,0.8385950983356452,-0.14823402937327046,5.615613843413064e-06
24.385296829386153,0.6823236760683358,-0.16780671379092382,6.516164944048767e-06
24.405296829386153,0.7363773126271553,-0.1732426408707397,6.087656116127717e-06
24.425296829386152,0.7970738454023376,-0.2319590665283613,5.379164488824698e-06
24.44529682938615,0.7952703585033305,-0.14768963723327033,5.867966211184496e-06
24.46529682938615,0.7619970166124403,-0.19228510359243955,5.79612911162507e-06
24.48529682938615,0.8030966041551437,-0.1795962894539116,5.626404545957269e-06
24.50529682938615,0.6924410091014579,-0.1748228007927537,6.372856686176517e-06
24.52529682938615,0.7242914996886611,-0.14767429599305615,6.336074220092309e-06
24.54529682938615,0.6048128587426618,-0.18620306806406006,6.981858175078583e-06
24.56529682938615,0.7388892697636038,-0.26100869209039956,5.521221599808455e-06
24.58529682938615,0.7471709336386994,-0.21987033937330125,5.706647462067625e-06
24.60529682938615,0.6901311613619328,-0.21075298910727724,6.123390673761225e-06
24.625296829386148,0.6017601336934604,-0.21166407544660615,6.779236643002426e-06
24.645296829386147,0.6511347696650773,-0.22718750933017873,6.275973260584294e-06
24.665296829386147,0.6408325514057651,-0.2757399535330478,6.011748191278867e-06
24.685296829386147,0.5960328913060948,-0.1954352572793141,6.959417151653455e-06
24.705296829386146,0.6359172124939505,-0.20730398994055577,6.529827694497303e-06
24.725296829386146,0.6510914834798314,-0.25006909390504006,6.107684219542204e-06
24.745296829386145,0.6488537735131104,-0.26689546171110123,6.008089177206468e-06
24.765296829386145,0.6224580289999722,-0.23572415464514052,6.408723625175502e-06
24.785296829386144,0.6455791727057658,-0.28106713230954483,5.933013419457889e-06
24.805296829386144,0.6813200394972228,-0.17662938311696053,6.405652824676772e-06
24.825296829386144,0.6522850435285363,-0.18626542412675917,6.551383982963619e-06
24.845296829386143,0.5732589352992363,-0.31576582134584896,6.177084172311247e-06
24.865296829386143,0.680474938621046,-0.2877452198736137,5.669719956273937e-06
24.885296829386142,0.5841049677401315,-0.2296881571674021,6.743113167011545e-06
24.905296829386142,0.6306096577827702,-0.3298990336479619,5.710952350708738e-06
24.92529682938614,0.6392756173299858,-0.22892667041742243,6.3157837603528105e-06
24.94529682938614,0.651853005081648,-0.21930517867440358,6.291988370372383e-06
24.96529682938614,0.6070857317463378,-0.2790106906904839,6.183623735977958e-06
24.98529682938614,0.6134293687791796,-0.2909118387615308,6.0566037512398055e-06
25.00529682938614,0.6237295448536315,-0.3032714166038204,5.906354378095718e-06
25.02529682938614,0.49718802445568144,-0.39690291811712086,6.12146550090887e-06
25.04529682938614,0.649490193114616,-0.2756239159498364,5.913989202488914e-06
25.06529682938614,0.583956174843479,-0.26980543957597547,6.405858385442219e-06
25.085296829386138,0.6517396449344233,-0.34659817756619304,5.476133505089869e-06
25.105296829386138,0.5492329451662954,-0.28101611728197895,6.582372395003271e-06
25.125296829386137,0.5694346046584542,-0.22361266915686429,6.888571484058872e-06
25.145296829386137,0.5409042280516587,-0.3961065014882479,5.828050995046492e-06
25.165296829386136,0.6385181191726588,-0.26891129059367813,6.0158304786188184e-06
25.185296829386136,0.5369160644186195,-0.21976357587845996,7.211623527912455e-06
25.205296829386135,0.5579072081491177,-0.547186246374622,4.936143800552238e-06
25.225296829386135,0.5180212691484485,-0.23468457581475377,7.244355036947611e-06
25.245296829386135,0.6529636039631441,-0.21660194010473788,6.268465404837046e-06
25.265296829386134,0.5287999958964065,-0.29970500882973283,6.576680150701624e-06
25.285296829386134,0.49720665253698826,-0.14256163546815515,8.513756494260436e-06
25.305296829386133,0.5782832052791491,-0.6820449666120112,4.320138322777888e-06
25.325296829386133,0.5075007910927525,-0.2590417481260374,7.1004746968032665e-06
25.345296829386132,0.5991457917843945,-0.23048246616963297,6.5581374156244495e-06
25.365296829386132,0.4032103319186717,-0.33064203124376945,7.411302351546109e-06
25.38529682938613,0.5321153383756609,-0.3942028765450232,5.869241089010036e-06
25.40529682938613,0.5055454086977988,-0.26309372123796493,7.070656743733976e-06
25.42529682938613,0.499426587819471,-0.3212151891493704,6.620191251575946e-06
25.44529682938613,0.5733905473025516,-0.39826872490812093,5.5892088545751785e-06
25.46529682938613,0.49181130880242563,-0.4759416122105904,5.609708137359769e-06
25.48529682938613,0.5347424508363474,-0.24828841304406524,6.930541919267014e-06
25.50529682938613,0.4436217196052894,-0.392359379271511,6.489162049963937e-06
25.52529682938613,0.5130257206037641,-0.36616623104782775,6.167983250622516e-06
25.545296829386128,0.47075347330246586,-0.3603636917541735,6.522376028873536e-06
25.565296829386128,0.46828181932505686,-0.2587386305676773,7.453524632696494e-06
25.585296829386127,0.5037759071856271,-0.37172082764664083,6.187203537938034e-06
25.605296829386127,0.4728006949626433,-0.19538284023292363,8.103932872958111e-06
25.625296829386127,0.49442603658826556,-0.22020796011202037,7.574420219379148e-06
25.645296829386126,0.42240583564853296,-0.43026523882872425,6.3458744811768e-06
25.665296829386126,0.43182007799623534,-0.2710992319043726,7.695038286189625e-06
25.685296829386125,0.47291911946376786,-0.24393840366974473,7.542677250052611e-06
25.705296829386125,0.4044424499006709,-0.46556739351945,6.21261651873281e-06
25.725296829386124,0.4204262964776717,-0.40614552517581615,6.536749396038059e-06
25.745296829386124,0.4478564146120334,-0.3396216100809397,6.858751238746344e-06
25.765296829386124,0.4059255679749185,-0.5147272914764471,5.864472762049652e-06
25.785296829386123,0.44072518616860634,-0.308560770470649,7.203110969110867e-06
25.805296829386123,0.440575758738305,-0.4779852202045731,5.873574140945023e-06
25.825296829386122,0.4248162613075692,-0.46824189223116264,6.03913867264651e-06
25.845296829386122,0.40317092456825776,-0.37961419933708385,6.887360708201751e-06
25.86529682938612,0.44969446849427186,-0.4296607115829829,6.128773261193225e-06
25.88529682938612,0.40453495214751456,-0.43570579680090304,6.4117659235759616e-06
25.90529682938612,0.4253925628581783,-0.34970192922628485,6.948156442154733e-06
25.92529682938612,0.3950757215094711,-0.4447931949980557,6.409980846922462e-06
25.94529682938612,0.36986678262474015,-0.45286269957432523,6.541126671142376e-06
25.96529682938612,0.3703677023004275,-0.44566368135565426,6.592450583238016e-06
25.98529682938612,0.3983455704874359,-0.34852470498299226,7.200317817202753e-06
26.00529682938612,0.40804282895987853,-0.1710033961571753,9.283845348673998e-06
26.025296829386118,0.38512215714581544,-0.6356856396887451,5.264299452191766e-06
26.045296829386118,0.3391925178875681,-0.5106210787780583,6.321263406495675e-06
26.065296829386117,0.4141748431720771,-0.41021553345490247,6.513850695093238e-06
26.085296829386117,0.3842947673256276,-0.5027181951154489,6.051814963739866e-06
26.105296829386116,0.35067188169341534,-0.27379604580346495,8.593094252307948e-06
26.125296829386116,0.33625253463105764,-0.501036292524077,6.406608396125175e-06
26.145296829386115,0.324246383854188,-0.5054577511036769,6.462833594643776e-06
26.165296829386115,0.3435145311887027,-0.42482752591604367,6.97647926185534e-06
26.185296829386115,0.3953609911259264,-0.5121055637137033,5.904791090531517e-06
26.205296829386114,0.35034147429905715,-0.3332339901244268,7.835997575191532e-06
26.225296829386114,0.3507228120288346,-0.5307192920590751,6.074791367937818e-06
26.245296829386113,0.2877007800270803,-0.5403082582633942,6.464495782526022e-06
26.265296829386113,0.32469051296357065,-0.5028984473610763,6.465459068769851e-06
26.285296829386112,0.33103497089177836,-0.3134527716320008,8.29937780415234e-06
26.305296829386112,0.3508811715291813,-0.5651923718396574,5.836770454654152e-06
26.32529682938611,0.32249208916618954,-0.390382987447083,7.497839825777661e-06
26.34529682938611,0.29689775955921505,-0.39483071002177894,7.724335707463153e-06
26.36529682938611,0.3358542008791119,-0.7286907776724547,5.017365140239643e-06
26.38529682938611,0.3112515491520753,-0.28252533357590437,8.992105934547702e-06
26.40529682938611,0.3082092193835706,-0.45656658336520195,6.97905962448389e-06
26.42529682938611,0.2970299195294501,-0.5359950988786295,6.404993620290802e-06
26.44529682938611,0.2860149684747739,-0.5616113878786564,6.292451937427984e-06
26.46529682938611,0.3145860624499619,-0.47324258560547605,6.76761743948472e-06
26.485296829386108,0.2892318260310276,-0.4597689267247915,7.115926567574382e-06
26.505296829386108,0.2887768940126989,-0.4708147731871577,7.014232326662494e-06
26.525296829386107,0.28676388577150647,-0.5443758387991693,6.408139265613948e-06
26.545296829386107,0.26589612219686387,-0.4498393015237525,7.438727581160452e-06
26.565296829386106,0.2761617522519373,-0.5896541469846852,6.147152659141571e-06
26.585296829386106,0.2741515827947296,-0.6561736187431961,5.718876836388207e-06
26.605296829386106,0.2747765603271546,-0.514204874416464,6.741016183605115e-06
26.625296829386105,0.2710566488458426,-0.5843139993376099,6.215593807901732e-06
26.645296829386105,0.24204721018031705,-0.48508498910814524,7.309214380439196e-06
26.665296829386104,0.2382126639568014,-0.5378661977065349,6.845822413341353e-06
26.685296829386104,0.249472785872058,-0.475047048937995,7.330395973657979e-06
26.705296829386103,0.23472571017919108,-0.6261640272568911,6.16705323297409e-06
26.725296829386103,0.23162289956962923,-0.6427721146028489,6.06965484700759e-06
26.745296829386103,0.2521687589760404,-0.7019246588461101,5.5607003392781305e-06
26.765296829386102,0.24340924085117877,-0.47151986430981196,7.4182861684408345e-06
26.785296829386102,0.21707623133988818,-0.45944509041146375,7.83666508907575e-06
26.8052968293861,0.22585316967160907,-0.499440979474457,7.30713856118985e-06
26.8252968293861,0.2193880269987858,-0.6152819926501252,6.3473580968060535e-06
26.8452968293861,0.22886909909720998,-0.38943884358741343,8.565469077613322e-06
26.8652968293861,0.22257801372325048,-0.4375915469136089,8.01954638271913e-06
26.8852968293861,0.19859848654232337,-0.8302454642252997,5.144042826790345e-06
26.9052968293861,0.19451828573073726,-0.40587159350980073,8.811829122208474e-06
26.9252968293861,0.17989520350238308,-0.6111003029218409,6.6861256060062004e-06
26.9452968293861,0.19122574663924752,-0.4781425619730726,7.898244239319295e-06
26.965296829386098,0.17133850185200572,-0.5294099237653427,7.541925327203998e-06
26.985296829386098,0.1955958137550624,-0.7699370054760948,5.471744232253078e-06
27.005296829386097,0.19956573040690273,-0.5340352557541337,7.199166641542905e-06
27.025296829386097,0.15267554577440023,-0.5010210993059445,8.076304722944911e-06
27.045296829386096,0.171558657893911,-0.48807925891378545,8.00079680187139e-06
27.065296829386096,0.1824356630741022,-0.8715546745806932,5.0055315301815425e-06
27.085296829386095,0.1568786018760875,-0.5028233304619789,7.994419786526536e-06
27.105296829386095,0.1816045561718056,-0.46828856540378183,8.11229167809676e-06
27.125296829386095,0.16336029258309281,-0.46913770330138505,8.332473316307183e-06
27.145296829386094,0.14167360911960714,-0.8804292501881719,5.154517592428064e-06
27.165296829386094,0.1733646344509907,-0.21002427861094475,1.373698878518099e-05
27.185296829386093,0.1742140576534439,-1.2144847358576953,3.7911636882336157e-06
27.205296829386093,0.13027424970641732,-0.35291797015815973,1.0892094729814842e-05
27.225296829386092,0.1469707363512498,-0.6095795551955234,6.954107477279744e-06
27.245296829386092,0.14590097080508713,-0.6870304959593341,6.31421658416409e-06
27.26529682938609,0.1443108061721432,-0.42496419069357216,9.235413623084909e-06
27.28529682938609,0.12543004668259528,-0.8342474391683936,5.4764930692003955e-06
27.30529682938609,0.12010820375871845,-0.6561524028074928,6.768164833476129e-06
27.32529682938609,0.13799864833708853,-0.36560213565826416,1.0428983415070144e-05
27.34529682938609,0.12769580623717047,-0.6392716615227982,6.845433192701633e-06
27.36529682938609,0.10794124529638793,-0.5063234918052331,8.54421598512012e-06
27.38529682938609,0.13266116465092637,-0.8683488897513598,5.241310421326394e-06
27.40529682938609,0.12092879092961084,-1.0183451910270378,4.60363522559342e-06
27.425296829386088,0.10309106216300279,-0.4840602456097258,8.929537679123837e-06
27.445296829386088,0.10920706648175837,-0.5275316358893178,8.231288482057935e-06
27.465296829386087,0.1014393549739907,-1.1022390911821276,4.352804040599732e-06
27.485296829386087,0.09568883908650605,-0.556059462716803,8.03619977213768e-06
27.505296829386086,0.09821575466776267,-0.49519063709885813,8.823232685275555e-06
27.525296829386086,0.0930188055135659,-0.7043442538706586,6.5641211453332316e-06
27.545296829386086,0.08588915117798024,-0.705813997425139,6.6087641179668605e-06
27.565296829386085,0.08120585995493457,-0.5679516540840268,8.057205370807658e-06
27.585296829386085,0.08573348293430172,-0.904046356678009,5.282580202904802e-06
27.605296829386084,0.07694498324599408,-0.6302031966770301,7.391374958478049e-06
27.625296829386084,0.06641999146086164,-0.6802776009426452,6.997492452102969e-06
27.645296829386083,0.06770382368529226,-0.7183218385907821,6.6450897003219916e-06
23.824451054338933,0.8878213480347767,-0.08172788633419259,5.775614237982509e-06
23.844451054338933,0.9175837799557485,-0.07526373220753158,5.637912773120458e-06
23.864451054338932,0.8162859437288716,-0.10368828830542043,6.082132664002471e-06
23.884451054338932,0.777316432504449,-0.09856556940940209,6.385849833311629e-06
23.90445105433893,1.0692991827381775,-0.09964938863322459,4.782986731085429e-06
23.92445105433893,0.8315964760258794,-0.09521802146809932,6.030212902194119e-06
23.94445105433893,0.8805120389733929,-0.11858183261210797,5.591811018854091e-06
23.96445105433893,0.9061483936675359,-0.09544812771491706,5.575642849417122e-06
23.98445105433893,0.8174795440281741,-0.07448468380607665,6.25854870105389e-06
24.00445105433893,0.8378544748557033,-0.1111301773737523,5.880220736152509e-06
24.02445105433893,0.8364508510931046,-0.1275177778006764,5.786602749371585e-06
24.04445105433893,0.9479687783168629,-0.08007118359091692,5.4238582700357265e-06
24.064451054338928,0.7455254159867764,-0.12840343998686876,6.377828936320011e-06
24.084451054338928,0.9951513616833836,-0.11328543802665081,5.026545772256805e-06
24.104451054338927,0.8412408290314488,-0.14680347788817016,5.6368711276485165e-06
24.124451054338927,0.8016457008488942,-0.1251505783002358,6.007069359046274e-06
24.144451054338926,0.7309087153698783,-0.14014378958381712,6.389040143704996e-06
24.164451054338926,0.7667944463901222,-0.13724569717305712,6.153563616872111e-06
24.184451054338926,0.7726646738592535,-0.12079626630293205,6.22402468567613e-06
24.204451054338925,0.8058481264597503,-0.13365872111171484,5.916694525160996e-06
24.224451054338925,0.8612273882317822,-0.16486830852227286,5.415312563980979e-06
24.244451054338924,0.8039941477582033,-0.13885319920518668,5.891213658551705e-06
24.264451054338924,0.8360159627627581,-0.1293142825306859,5.7517998041637885e-06
24.284451054338923,0.7289069218968507,-0.18876512889983132,6.048190465937144e-06
24.304451054338923,0.9684256815817207,-0.13323712324199732,5.036141871140804e-06
24.324451054338923,0.7466128172527533,-0.19108045360189863,5.914527686616551e-06
24.344451054338922,0.8031317714048782,-0.15962032004608773,5.758393486035181e-06
24.36445105433892,0.7022708987642545,-0.16717569778847974,6.373907247694933e-06
24.38445105433892,0.7890977749484591,-0.17733280517859384,5.732067120793685e-06
24.40445105433892,0.6906024346826598,-0.22202048246981576,6.067725432580748e-06
24.42445105433892,0.7096241935214493,-0.16928947513224557,6.2980397992269664e-06
24.44445105433892,0.745424657856347,-0.13460415590088814,6.287699698960517e-06
24.46445105433892,0.7152291526217596,-0.2140299126622267,5.952273560718112e-06
24.48445105433892,0.7612276417603425,-0.21987519493268337,5.635629409028642e-06
24.50445105433892,0.6468645606655627,-0.17858111718669534,6.6958357983648365e-06
24.52445105433892,0.5995164382038638,-0.1991441302234307,6.91769372731682e-06
24.544451054338918,0.7997117703198455,-0.18307858005573507,5.619561514356145e-06
24.564451054338917,0.8550240964395925,-0.23979729137499817,5.042615616957073e-06
24.584451054338917,0.5771203431067988,-0.18478453147690743,7.243201165857103e-06
24.604451054338917,0.6072069257497787,-0.2053385496910778,6.7892351348315025e-06
24.624451054338916,0.695441340765683,-0.21784484836825868,6.038068896790976e-06
24.644451054338916,0.6901710430975072,-0.18239754720707424,6.3174536121706745e-06
24.664451054338915,0.7050981511711143,-0.22785809452761896,5.906277939383132e-06
24.684451054338915,0.6770046009478392,-0.19483789104560856,6.317937554350735e-06
24.704451054338914,0.7536124721518718,-0.22740810524555854,5.612680948203602e-06
24.724451054338914,0.6485245440162544,-0.18731256964383647,6.5851196957745835e-06
24.744451054338914,0.5600058229174465,-0.2890975958616764,6.479782335417404e-06
24.764451054338913,0.7336738807207439,-0.31118972453987226,5.2637975993072245e-06
24.784451054338913,0.5958198228036053,-0.23069714115990791,6.651837926018362e-06
24.804451054338912,0.6081315642950358,-0.20291088876547292,6.776242459337072e-06
24.824451054338912,0.7912289788946509,-0.18963909550802782,5.600928232395478e-06
24.84445105433891,0.5897390052559786,-0.33220931253163144,5.956587408136989e-06
24.86445105433891,0.6274775953206699,-0.276669990082155,6.071597502869138e-06
24.88445105433891,0.6521207638143096,-0.2185820557642728,6.302469787589019e-06
24.90445105433891,0.6327492655764217,-0.3319778117511305,5.686071925064205e-06
24.92445105433891,0.5952384872944094,-0.30519842603825964,6.089735348970977e-06
24.94445105433891,0.6728318312088959,-0.2369211011682637,6.0251860884552835e-06
24.96445105433891,0.5486332710715942,-0.24423086069873534,6.91084237506129e-06
24.98445105433891,0.6982702033710666,-0.3539139117929153,5.205664548540266e-06
25.004451054338908,0.5134804614936002,-0.22366724663879722,7.427683616317769e-06
25.024451054338908,0.5957099184142862,-0.31090320296789287,6.037001321102267e-06
25.044451054338907,0.6211800850214786,-0.2847237711175694,6.039490876880506e-06
25.064451054338907,0.4834070047363639,-0.261850258702907,7.3386190249694045e-06
25.084451054338906,0.6365083435084671,-0.3803589608287439,5.376490995261245e-06
25.104451054338906,0.5772794785734732,-0.21935355244204402,6.860223815778382e-06
25.124451054338905,0.580072079465026,-0.26430831413017586,6.469924054913402e-06
25.144451054338905,0.6040534877683967,-0.3499602524098009,5.724270970934612e-06
25.164451054338905,0.5930494783679023,-0.2143596870591864,6.76116028681406e-06
25.184451054338904,0.5795696460263571,-0.303645860258257,6.178535283073239e-06
25.204451054338904,0.5432142392965034,-0.25535755848977715,6.830908606577737e-06
25.224451054338903,0.578448277694406,-0.30967760644853115,6.139852154772217e-06
25.244451054338903,0.5941392173117492,-0.4012785798404366,5.476013189362413e-06
25.264451054338902,0.556996853723831,-0.2626452641270589,6.6479330554465884e-06
25.284451054338902,0.5026057704817504,-0.402569234080147,6.0175183764487785e-06
25.3044510543389,0.49082249906496145,-0.33403651365370024,6.6010376764046605e-06
25.3244510543389,0.5338644817675231,-0.2910833132045809,6.597841959153233e-06
25.3444510543389,0.5686321097891778,-0.3464788469718769,5.945604102212478e-06
25.3644510543389,0.5188304567709565,-0.3697288321563974,6.1210101136557205e-06
25.3844510543389,0.48568122906726785,-0.2355369096621871,7.538447593137967e-06
25.4044510543389,0.4847853713145014,-0.3819869203143753,6.270245998523753e-06
25.4244510543389,0.5127566078181189,-0.47768345795338973,5.485313535712342e-06
25.4444510543389,0.4966301843232941,-0.3146418225733214,6.694277784973323e-06
25.464451054338898,0.49749947771488223,-0.282278923667036,6.962089215799885e-06
25.484451054338898,0.5190694552438799,-0.3770534052309813,6.055981433941806e-06
25.504451054338897,0.45605254196561873,-0.4878490613773465,5.747342408035568e-06
25.524451054338897,0.4871707583715761,-0.2430714499205351,7.426185811805093e-06
25.544451054338897,0.42706735723186284,-0.3559287895914167,6.9233320804932e-06
25.564451054338896,0.47118457342730835,-0.32052950089564547,6.844591944919721e-06
25.584451054338896,0.45972226408775896,-0.417605374714185,6.174396120391644e-06
25.604451054338895,0.49855493880750146,-0.32048178443073994,6.611434405943807e-06
25.624451054338895,0.44103885365620954,-0.4228538000024855,6.265816688964061e-06
25.644451054338894,0.4365976863191463,-0.394477447742247,6.510896048065104e-06
25.664451054338894,0.45663438172687165,-0.4300009981379844,6.1006753125673496e-06
25.684451054338894,0.4374765232205391,-0.29553957721509505,7.376519459419255e-06
25.704451054338893,0.4415715562936384,-0.7583651457680389,4.504515042337399e-06
25.724451054338893,0.4676645911822561,-0.3413592092692852,6.678618458577507e-06
25.744451054338892,0.4390503493741562,-0.45064338331576437,6.070861838519124e-06
25.764451054338892,0.4779985118366312,-0.27054089261218905,7.213015983515632e-06
25.78445105433889,0.4204936457317672,-0.46406709571601823,6.101642449630907e-06
25.80445105433889,0.3417558269575238,-0.3535387732554227,7.759767783907776e-06
25.82445105433889,0.3956452132842969,-0.3629284745838959,7.109889153132441e-06
25.84445105433889,0.3915049172064755,-0.3942222151963506,6.861657208198719e-06
25.86445105433889,0.4680108816246502,-0.4775310331606306,5.699866285161829e-06
25.88445105433889,0.38202498681494035,-0.34778778420877643,7.382028076233929e-06
25.90445105433889,0.41875568516843487,-0.5427899407804944,5.60095924056318e-06
25.92445105433889,0.41983233735663816,-0.42537971201818436,6.36952589093957e-06
25.944451054338888,0.3707877569831908,-0.5320165470475331,5.961053976816176e-06
25.964451054338888,0.38677858335722703,-0.3219377612695098,7.590808891289577e-06
25.984451054338887,0.33496368204941973,-0.3537294998532161,7.808684458037862e-06
26.004451054338887,0.38701631454750896,-0.35524901683675125,7.242463114138734e-06
26.024451054338886,0.4097941481741145,-0.4075170599971898,6.5751079398758796e-06
26.044451054338886,0.34878733148798347,-0.46645711609744467,6.589420642976649e-06
26.064451054338885,0.38299143686526804,-0.46174811702076113,6.3570270831853075e-06
26.084451054338885,0.3300695487705525,-0.3883176757954061,7.4724508395860275e-06
26.104451054338885,0.3826848316239193,-0.4777454541763291,6.236626254024575e-06
26.124451054338884,0.3315008604840841,-0.4889597615110688,6.5381135929012036e-06
26.144451054338884,0.3551043521165411,-0.34689356363378465,7.63868507659837e-06
26.164451054338883,0.3646767823192931,-0.31285555311478674,7.911669292114787e-06
26.184451054338883,0.35323447853443213,-0.7342634822707623,4.927362117646294e-06
26.204451054338882,0.3569943128095474,-0.2986563052982092,8.169843695055404e-06
26.224451054338882,0.3186721902457066,-0.43645078848931007,7.091110261392412e-06
26.24445105433888,0.351449359965045,-0.8009310713969171,4.644946383137881e-06
26.26445105433888,0.3551026767818257,-0.21508477814495564,9.384305611469867e-06
26.28445105433888,0.3333292441238882,-0.5319068014068762,6.182025550152935e-06
26.30445105433888,0.30226176031283103,-0.323499335674569,8.544803611768325e-06
26.32445105433888,0.32322568907693494,-0.6768482570769265,5.344721637536082e-06
26.34445105433888,0.34661966346902773,-0.3330720092635602,7.861214175384037e-06
26.36445105433888,0.2804430130054243,-0.6766166836023331,5.5809434068583064e-06
26.38445105433888,0.3309146695100935,-0.5777307031094097,5.8761952227823615e-06
26.404451054338878,0.2736546190280933,-0.40025055629666895,7.920250116663626e-06
26.424451054338878,0.31213404779555276,-0.5574119435623288,6.136062002757163e-06
26.444451054338877,0.2907438694528537,-0.5279850261285901,6.514621476525831e-06
26.464451054338877,0.2615692558756564,-0.5811396781355143,6.326985266089303e-06
26.484451054338876,0.2815243386066868,-0.25938545004464686,9.85360527056909e-06
26.504451054338876,0.2770239990186383,-0.6849021672387607,5.538916767754308e-06
26.524451054338876,0.2997282780415844,-0.4024055692134425,7.585630721367166e-06
26.544451054338875,0.25012441124999896,-0.5174254894955084,6.9366830943494255e-06
26.564451054338875,0.22063501237425953,-0.4815940436674282,7.579241779617391e-06
26.584451054338874,0.30282443706528284,-0.4300283092306927,7.2599896016632825e-06
26.604451054338874,0.24330452913272893,-0.7005603792495094,5.63492042595965e-06
26.624451054338873,0.26603550468621506,-0.47095040790736675,7.214131059733629e-06
26.644451054338873,0.24974011297308607,-0.40206146659329534,8.154103337908878e-06
26.664451054338873,0.24968071480907383,-0.43031387589871883,7.813273864866936e-06
26.684451054338872,0.23735224436677527,-0.6372416077065282,6.072641583271949e-06
26.704451054338872,0.24067298608861165,-0.5599519690440502,6.631355349070023e-06
26.72445105433887,0.23945482818908204,-0.6108909017057158,6.2414229446767805e-06
26.74445105433887,0.24525908439682098,-0.43912303051911294,7.752242449262951e-06
26.76445105433887,0.24574065816705115,-0.46678128076018766,7.443454488096829e-06
26.78445105433887,0.2300760968355462,-0.6188761381199583,6.245080643452266e-06
26.80445105433887,0.19655540949315764,-0.4262988811824471,8.509060419955783e-06
26.82445105433887,0.22829558731518773,-0.6287660020170733,6.181626279007376e-06
26.84445105433887,0.21158556425507413,-0.3277186509221792,9.8204075181962e-06
26.86445105433887,0.22058939810085576,-0.6874013777123764,5.8308380470427936e-06
26.884451054338868,0.19921671415067976,-0.40558408480137587,8.750751009237877e-06
26.904451054338868,0.21449946737266146,-0.7745887459896039,5.348999487060877e-06
26.924451054338867,0.1904670529620489,-0.6285400614142418,6.457512804112413e-06
26.944451054338867,0.19490235318698979,-0.4757292732829228,7.883465969842158e-06
26.964451054338866,0.19475092141874484,-0.5366893712198362,7.225560428203471e-06
26.984451054338866,0.17123140839976259,-0.6273279771558009,6.615954028556322e-06
27.004451054338865,0.21368745234212838,-0.5300009696511552,7.10161923684204e-06
27.024451054338865,0.18476954601646867,-0.4564344964455813,8.233774650422381e-06
27.044451054338865,0.2009657938615419,-0.6544150777917821,6.1699936587230475e-06
27.064451054338864,0.15640134800923988,-0.4637439379002899,8.507449769011648e-06
27.084451054338864,0.1636909520093468,-0.6122397980361711,6.797027548408684e-06
27.104451054338863,0.17688688814814668,-0.549555541598238,7.257562260906878e-06
27.124451054338863,0.16476453749419306,-0.5960460127680562,6.927278282364907e-06
27.144451054338862,0.15881693943447317,-0.4667556904023513,8.421917581160525e-06
27.164451054338862,0.17883115615404677,-0.8995270803570747,4.883985796295215e-06
27.18445105433886,0.136081050222856,-0.5556695251725614,7.610941436484396e-06
27.20445105433886,0.16719328647013754,-0.42407431825995445,8.901301174779978e-06
27.22445105433886,0.14959242688928498,-0.8919760547578335,5.05123642767668e-06
27.24445105433886,0.13726565439719707,-0.48910139314830303,8.39665652045608e-06
27.26445105433886,0.13108642505540047,-0.4795143024530262,8.610476162468594e-06
27.28445105433886,0.12754165427213593,-0.5562766485381871,7.685876846251612e-06
27.30445105433886,0.1332557614077814,-0.9771643951535225,4.731488909103517e-06
27.32445105433886,0.12492035257309908,-0.48666583152953535,8.587706993761097e-06
27.344451054338858,0.12146248634235235,-0.7155103317345493,6.272951560235891e-06
27.364451054338858,0.1147896362854226,-0.7527920086868107,6.049540671249059e-06
27.384451054338857,0.11136366098799044,-0.23709570011124015,1.5056731002391405e-05
27.404451054338857,0.11318930947345507,-0.9790855790488422,4.801795311439249e-06
27.424451054338856,0.11874337668996304,-0.4539202628657222,9.15558842806745e-06
27.444451054338856,0.09097740522702225,-1.3514639595523477,3.633598803192323e-06
27.464451054338856,0.08848795537778642,-0.4859200185164809,9.121468209721451e-06
27.484451054338855,0.09762583157544213,-0.6142210307443747,7.357829815458171e-06
27.504451054338855,0.10197878030885477,-0.5255561866797507,8.343529845666283e-06
27.524451054338854,0.10549718565016519,-1.1269468371756375,4.246892233700126e-06
27.544451054338854,0.08758426348504145,-0.37271636351943016,1.1366951765121105e-05
27.564451054338853,0.07494866772321984,-0.6186426374915754,7.541138898715052e-06
27.584451054338853,0.08483302991226083,-0.41970560513436794,1.0363262654933262e-05
27.604451054338853,0.07420640740747331,-0.6867734366387594,6.868612040743839e-06
27.624451054338852,0.07234700238404912,-1.0167740881443024,4.7975149928277794e-06
27.64445105433885,0.07742845328903059,-0.7821968348580413,6.076242769501978e-06
23.82117169857254,1.0545332818292081,-0.08844847163709346,4.899591042274885e-06
23.84117169857254,0.7818989861989394,-0.08247777984797722,6.476282659069877e-06
23.86117169857254,0.9584068484837189,-0.07709520846401574,5.4039399113484665e-06
23.88117169857254,0.9028807588110794,-0.09692431312396366,5.594705502015469e-06
23.90117169857254,0.8570824018679559,-0.08806132658173738,5.915876829199074e-06
23.92117169857254,0.8551120463052939,-0.12817106986767612,5.6842950410275295e-06
23.94117169857254,0.8873145531761111,-0.08977300602418836,5.7181199606808e-06
23.96117169857254,0.8978087809373392,-0.11532513657766685,5.512513837632557e-06
23.98117169857254,0.8712302583480778,-0.10648899526609057,5.7099844356995035e-06
24.001171698572538,0.6843333530705422,-0.11934923474836978,6.943768550155643e-06
24.021171698572537,0.9971362990327179,-0.10433754694167874,5.064505494526891e-06
24.041171698572537,0.8150839783193078,-0.130368826117774,5.8980094508473e-06
24.061171698572537,0.8500596612138906,-0.11719503994390834,5.762807693188626e-06
24.081171698572536,0.8405807674571406,-0.10953549321857281,5.864528724749878e-06
24.101171698572536,0.8368954434699845,-0.11220683252031449,5.868543878932201e-06
24.121171698572535,0.7736510455142707,-0.16719739693508018,5.917706761073399e-06
24.141171698572535,0.7891898720117752,-0.08290989301167428,6.381764477188662e-06
24.161171698572534,0.6772087719291449,-0.14134697212284664,6.796612330006687e-06
24.181171698572534,0.9347662836080417,-0.1511137866473291,5.121442438070032e-06
24.201171698572534,0.6819875002256595,-0.15157932883448666,6.669056873125116e-06
24.221171698572533,0.8683217355282977,-0.13919126611290267,5.515534647548201e-06
24.241171698572533,0.8896443273406476,-0.1954291538859252,5.119352833291642e-06
24.261171698572532,0.6946190455928445,-0.1153328029322438,6.855639292174713e-06
24.281171698572532,0.7878665838215966,-0.1497933452046709,5.919632345067625e-06
24.30117169857253,0.7692441661201883,-0.20571707803173922,5.690974114293299e-06
24.32117169857253,0.7555021383159328,-0.1366293533501448,6.216986951724143e-06
24.34117169857253,0.8135017185704783,-0.1885720501159085,5.532762897419157e-06
24.36117169857253,0.6402076875092462,-0.19987660248443717,6.597111279247114e-06
24.38117169857253,0.7021584384492598,-0.21297548057918902,6.053715239755753e-06
24.40117169857253,0.7130245363368886,-0.1461340409296099,6.445722736580924e-06
24.42117169857253,0.7035248750617029,-0.19404385311645456,6.1675478654471785e-06
24.44117169857253,0.8534026021370664,-0.1782766991527751,5.3637438182880695e-06
24.461171698572528,0.7770786658511497,-0.18937656614434673,5.72360366909225e-06
24.481171698572528,0.7070569933857769,-0.17692629087832756,6.255180440347482e-06
24.501171698572527,0.5636390885338187,-0.214515662388294,7.103191084753939e-06
24.521171698572527,0.8353176874807104,-0.2659122113836929,5.01737457801401e-06
24.541171698572526,0.6345693129696883,-0.17274599272059277,6.841407259124615e-06
24.561171698572526,0.6875042665924411,-0.21848858597513754,6.093968996264473e-06
24.581171698572525,0.6805039328246494,-0.17463658581255004,6.453934831860139e-06
24.601171698572525,0.7036540900589898,-0.17201504128752276,6.300167988266926e-06
24.621171698572525,0.6127880573039874,-0.26781042251968756,6.262578206681336e-06
24.641171698572524,0.6797045989369508,-0.24086000575334765,5.98845623300001e-06
24.661171698572524,0.6845758594172366,-0.16452245600521564,6.4900015429861306e-06
24.681171698572523,0.6510699425125495,-0.275367672827997,5.945941653911114e-06
24.701171698572523,0.6957099355349783,-0.21851433264964726,6.02314829940737e-06
24.721171698572523,0.659092604284524,-0.2179106637595396,6.276405315080021e-06
24.741171698572522,0.6821995222489932,-0.29039483633823693,5.657398102909198e-06
24.76117169857252,0.6535525555955246,-0.20615938014816493,6.3978019473494345e-06
24.78117169857252,0.669711357972119,-0.24876794037118088,5.986194806960051e-06
24.80117169857252,0.7014597934030462,-0.2524369163729716,5.7618101622207595e-06
24.82117169857252,0.5149305963423103,-0.27933643918368034,6.917159700352435e-06
24.84117169857252,0.6505693914805306,-0.2665188900718931,5.988557865334152e-06
24.86117169857252,0.6245093066681875,-0.3265131241059862,5.772695278684144e-06
24.88117169857252,0.627383585437201,-0.2364288947719615,6.353112998723928e-06
24.90117169857252,0.5642417324706912,-0.2345894695899915,6.8673497551974735e-06
24.92117169857252,0.6124145867797779,-0.3016585411533015,5.999295830295088e-06
24.941171698572518,0.7182193589978851,-0.24263572343625128,5.705083512879347e-06
24.961171698572517,0.6476805759884883,-0.4002026069210842,5.229314668029246e-06
24.981171698572517,0.5929246096347924,-0.24618669832125306,6.527940966092799e-06
25.001171698572517,0.6233586894813925,-0.26939892349764705,6.133377954847974e-06
25.021171698572516,0.6138627749896841,-0.3606742583797313,5.616583411298853e-06
25.041171698572516,0.5647927349782549,-0.2647930705570616,6.5955318124470415e-06
25.061171698572515,0.5903647301747696,-0.2961868228885578,6.169395591714905e-06
25.081171698572515,0.5120251591433771,-0.2738168008509092,6.957448102094688e-06
25.101171698572514,0.6341125098406337,-0.3873547111870721,5.350568783664716e-06
25.121171698572514,0.5506032853591023,-0.28975806166999973,6.50127081324926e-06
25.141171698572514,0.6371188439661637,-0.29606116234208457,5.852406643872282e-06
25.161171698572513,0.5810952439205721,-0.31192149268463254,6.113368989144721e-06
25.181171698572513,0.48603742802515626,-0.3010350831245887,6.9337134700086e-06
25.201171698572512,0.6315511162974872,-0.41423792362911627,5.216438939564236e-06
25.221171698572512,0.5221707917226013,-0.2848293583301711,6.757453900888761e-06
25.24117169857251,0.46791223261971027,-0.2725676415138878,7.361794217537619e-06
25.26117169857251,0.5682159468415193,-0.321345423173625,6.125764786691133e-06
25.28117169857251,0.6086904065450653,-0.308150711513008,5.941329242603846e-06
25.30117169857251,0.49719832628034055,-0.3178491127691814,6.680854669920954e-06
25.32117169857251,0.5441336087242234,-0.2956050055217929,6.482033193200974e-06
25.34117169857251,0.5716137344861636,-0.3345760241500102,6.0044796411959314e-06
25.36117169857251,0.48934437305433676,-0.4473658363567665,5.806687987024352e-06
25.38117169857251,0.45990709983743727,-0.24359558371361345,7.728782988526557e-06
25.401171698572508,0.5510088169539813,-0.38837193566723727,5.785919785257695e-06
25.421171698572508,0.48833812653901987,-0.34244974998000544,6.539838809672615e-06
25.441171698572507,0.5643218138138764,-0.3411961068632081,5.997898619916459e-06
25.461171698572507,0.46954172328696586,-0.5263162066694349,5.451806368824336e-06
25.481171698572506,0.46998124224774074,-0.23073371115606278,7.745272607713775e-06
25.501171698572506,0.5531848105601966,-0.3458638376323506,6.034394258250114e-06
25.521171698572505,0.4201617363723926,-0.5331582570215687,5.688786206868721e-06
25.541171698572505,0.4654532878630562,-0.22542628657538444,7.846912971217665e-06
25.561171698572505,0.4555427716622944,-0.33807983265432995,6.828564861533671e-06
25.581171698572504,0.4612258464039769,-0.36379586200928316,6.5662029321998786e-06
25.601171698572504,0.48941578421363374,-0.3907011201081332,6.152960617856088e-06
25.621171698572503,0.46363827714048966,-0.41310322947902023,6.174386523907194e-06
25.641171698572503,0.4642398725627572,-0.3974556690955069,6.279919622386013e-06
25.661171698572502,0.45144902288302546,-0.2462862206157297,7.752811593173119e-06
25.681171698572502,0.42279061917361105,-0.5233676937059499,5.715128634321037e-06
25.7011716985725,0.5152646217902657,-0.4167953075375408,5.799456486568187e-06
25.7211716985725,0.36090572469402105,-0.337374971670215,7.738280937823504e-06
25.7411716985725,0.45640490241203224,-0.33649193664314225,6.8123927774722435e-06
25.7611716985725,0.40825924000819214,-0.5043394495151006,5.9167088849327544e-06
25.7811716985725,0.5253582603763789,-0.3890947595646139,5.902516463411879e-06
25.8011716985725,0.3931957293098094,-0.37675833553657867,7.007747814375128e-06
25.8211716985725,0.42343911208445206,-0.33122034184634686,7.1471783688962365e-06
25.8411716985725,0.4929094178369269,-0.45065705119486665,5.714205652152753e-06
25.861171698572498,0.3954959140974097,-0.3926636483629409,6.838435820674897e-06
25.881171698572498,0.36933351907646284,-0.5491129327565432,5.866234298084153e-06
25.901171698572497,0.42852461160509847,-0.3342914649983868,7.060532090994606e-06
25.921171698572497,0.4164722851710394,-0.37154994590673596,6.8321976728553665e-06
25.941171698572496,0.4080487153332797,-0.3791979707966675,6.836470352146653e-06
25.961171698572496,0.3518238797551021,-0.5261429963866249,6.127819095983857e-06
25.981171698572496,0.38343928731774213,-0.2602294650860131,8.355399294429791e-06
26.001171698572495,0.3754553591970762,-0.7105551965069026,4.950391935017636e-06
26.021171698572495,0.3828826394674252,-0.41601745068328455,6.727050234492509e-06
26.041171698572494,0.4066526429087389,-0.37601184943923727,6.864102168799867e-06
26.061171698572494,0.35769914644333767,-0.4404113616619725,6.72884073264324e-06
26.081171698572494,0.3809689437330235,-0.32036523753777146,7.654577398768202e-06
26.101171698572493,0.35039599472656846,-0.35555269510950893,7.601797074905543e-06
26.121171698572493,0.36009594700226444,-0.42590057209599763,6.825177311942434e-06
26.141171698572492,0.3492156304200762,-0.4344986057240021,6.842609028728723e-06
26.161171698572492,0.33446501940488815,-0.34659578948048875,7.871128869659186e-06
26.18117169857249,0.3335470378078753,-0.6341058474499732,5.537947314921929e-06
26.20117169857249,0.3539697353116935,-0.4646800383052323,6.543570821188064e-06
26.22117169857249,0.38273801474133506,-0.5475799799169181,5.756062729064055e-06
26.24117169857249,0.3615801509004086,-0.31809169449843466,7.875959051105233e-06
26.26117169857249,0.2938079037121497,-0.5640543248737231,6.237781686103387e-06
26.28117169857249,0.3280678688970511,-0.4959244700075942,6.491864118019187e-06
26.30117169857249,0.3085983276105253,-0.44788566762872506,7.068650741224333e-06
26.32117169857249,0.33273292584635783,-0.5228405480738729,6.247747710544887e-06
26.341171698572488,0.30630995212413836,-0.562381072959397,6.1512212847920505e-06
26.361171698572488,0.30700153614452574,-0.4283425231988076,7.264096492667969e-06
26.381171698572487,0.31279844386335753,-0.45019718036201084,6.998341199856373e-06
26.401171698572487,0.27979428303660825,-0.5592152660246938,6.3620341090645915e-06
26.421171698572486,0.2814832644799026,-0.4179699848173186,7.628671199468114e-06
26.441171698572486,0.31681719775951933,-0.5135434222756885,6.423711600054552e-06
26.461171698572485,0.27105055594438454,-0.4779820576077327,7.118653970162221e-06
26.481171698572485,0.31442362401867285,-0.4426554581732489,7.040518365252096e-06
26.501171698572485,0.2631614728306886,-0.5182642856962048,6.818726502381316e-06
26.521171698572484,0.2938590921112336,-0.45842119690496475,7.080383326743801e-06
26.541171698572484,0.27428016496560303,-0.5477390065498184,6.477426882807701e-06
26.561171698572483,0.2448529750108719,-0.5856555708451197,6.408943556519169e-06
26.581171698572483,0.26753654348613054,-0.41776391956955194,7.764203087963536e-06
26.601171698572482,0.23956035819719546,-0.3349576345644891,9.258055571651412e-06
26.621171698572482,0.28268882470729295,-0.6088400422595441,5.9639450172301125e-06
26.64117169857248,0.2610935391348903,-0.5035547438310459,6.95110182492425e-06
26.66117169857248,0.2787483469292056,-0.39822545694187284,7.848599252878087e-06
26.68117169857248,0.24802127610746538,-0.44994100352050737,7.6098665552029174e-06
26.70117169857248,0.24743344716262072,-0.6060672622406855,6.2208642867639435e-06
26.72117169857248,0.2543099218746647,-0.6608949908986688,5.79942269942771e-06
26.74117169857248,0.22538802085909992,-0.43183680437505245,8.073056468383887e-06
26.76117169857248,0.2250348081215634,-0.6576670069480315,6.0087485330914765e-06
26.78117169857248,0.23612366049201228,-0.6159834176214645,6.222299347884629e-06
26.801171698572478,0.2470307442417834,-0.37866947590373456,8.470860719277405e-06
26.821171698572478,0.20315007769386284,-0.7782470723614097,5.398760387330657e-06
26.841171698572477,0.21036697176896269,-0.525159148441162,7.200946249562282e-06
26.861171698572477,0.2205593062681146,-0.5466553139849566,6.901125633361232e-06
26.881171698572476,0.197483611991629,-0.5267786091135349,7.307804661554232e-06
26.901171698572476,0.1937697931425646,-0.6061432329006493,6.614374073325348e-06
26.921171698572476,0.20436740390505292,-0.38341098884120584,8.99842915921391e-06
26.941171698572475,0.188092205877183,-0.5266167609370314,7.3977166154858405e-06
26.961171698572475,0.1979354337145196,-0.5364338896615664,7.197158399852321e-06
26.981171698572474,0.1960100359574426,-0.48059641182771884,7.808883236062683e-06
27.001171698572474,0.1787650476762792,-0.5335324453772046,7.414986892629916e-06
27.021171698572473,0.1829773643912631,-0.6439912738278508,6.384584930430916e-06
27.041171698572473,0.17999835695809452,-0.3402011936996132,1.0146098137941362e-05
27.061171698572473,0.17753659193840576,-0.7781393694458529,5.52086767630287e-06
27.081171698572472,0.17038092273651273,-0.6843169600469992,6.170987612766819e-06
27.10117169857247,0.17842045726138167,-0.4306523762643337,8.656585300076546e-06
27.12117169857247,0.14887157837802079,-0.6426592540228739,6.658801065399389e-06
27.14117169857247,0.1740629082196392,-0.547186671057716,7.305146269272444e-06
27.16117169857247,0.1496217298117699,-0.7214490138867404,6.046575209062238e-06
27.18117169857247,0.1523977082433703,-0.6323599103488959,6.709284114994692e-06
27.20117169857247,0.15195378286443884,-0.5375934937619604,7.633016976383643e-06
27.22117169857247,0.1397547278975253,-0.520385236130096,7.970307320376412e-06
27.24117169857247,0.15262287158111576,-0.8354821706889197,5.32301200831713e-06
27.26117169857247,0.1316706908201013,-0.43024811474606395,9.356995199632974e-06
27.281171698572468,0.11431515795993619,-0.42736452585086226,9.70325380431868e-06
27.301171698572468,0.1349864817384514,-0.7400501581432763,6.004570520995438e-06
27.321171698572467,0.13190574274631217,-0.39788973960094154,9.914056792565265e-06
27.341171698572467,0.11844853062211769,-0.9148027042392641,5.081622070887842e-06
27.361171698572466,0.12473533850425156,-0.17938851565122604,1.7258676883252543e-05
27.381171698572466,0.12510497457697056,-0.9610436009243131,4.830819421278475e-06
27.401171698572465,0.11047818647057284,-0.5232845908321906,8.27621566559636e-06
27.421171698572465,0.10239234064647462,-0.5883953154552728,7.590405132443464e-06
27.441171698572465,0.1181213788659079,-0.9012332009151578,5.142011481464628e-06
27.461171698572464,0.09204840488746413,-0.47136629512533545,9.299997627490126e-06
27.481171698572464,0.08610960705846082,-0.6364603357797023,7.249059789933681e-06
27.501171698572463,0.08126362941402476,-0.9930180681403726,4.874091951868093e-06
27.521171698572463,0.11194924984010868,-0.418624758021906,9.865418015333944e-06
27.541171698572462,0.09303039185033413,-0.6032585534267128,7.51492981731184e-06
27.561171698572462,0.08183260017540306,-0.964750437065959,4.997929808576728e-06
27.58117169857246,0.08153406830388121,-0.40598775213584304,1.0725565012522088e-05
27.60117169857246,0.0775472639597865,-0.6629567691707052,7.058941389898849e-06
27.62117169857246,0.06958253334960318,-0.6526146433898248,7.235371204351425e-06
27.64117169857246,0.06517277523380471,-0.38779937918297946,1.1531808606103482e-05
27.66117169857246,0.06095243169693276,-0.7180675335112028,6.70303730423685e-06
23.828692465640007,1.065533145214431,-0.08399204611123423,4.87097460769084e-06
23.848692465640006,0.9700413125246996,-0.08048841430718312,5.32791408828685e-06
23.868692465640006,0.8703761894721538,-0.08008753754984355,5.886583374926235e-06
23.888692465640005,0.8846687499608379,-0.07859786319750128,5.806055361012244e-06
23.908692465640005,0.8926201608264819,-0.10135982537758537,5.624457276625083e-06
23.928692465640005,0.9083220532047562,-0.10756548920289788,5.501038613848747e-06
23.948692465640004,0.9234104924253188,-0.09530530077518051,5.4836213328949e-06
23.968692465640004,0.8287710844888352,-0.11746507621137425,5.901391815071071e-06
23.988692465640003,0.9558743770467117,-0.10696252103662118,5.251942402842513e-06
24.008692465640003,0.8985472416388802,-0.09338204271625727,5.625180059423457e-06
24.028692465640002,0.8654348550699069,-0.12915873754536733,5.607969859268721e-06
24.048692465640002,0.846989493984438,-0.13763361424207687,5.662544418363345e-06
24.06869246564,0.7999248939158861,-0.09224033585633151,6.246957516694702e-06
24.08869246564,0.8829218710743589,-0.11577103885065299,5.578433936057057e-06
24.10869246564,0.79322074441734,-0.1610483996628318,5.835920366016525e-06
24.12869246564,0.7668330779415555,-0.09875013484270312,6.431380980579684e-06
24.14869246564,0.7020773753174581,-0.16094729892211035,6.447894455468784e-06
24.16869246564,0.8691723263909807,-0.15158402342058253,5.449455942259142e-06
24.18869246564,0.7020627345191315,-0.09891378472093493,6.942128149047023e-06
24.20869246564,0.9696810926543549,-0.12107305653626099,5.095859477772708e-06
24.22869246564,0.7358060575788841,-0.12391050608130172,6.462818297216801e-06
24.248692465639998,0.6938265464268625,-0.16781011036073323,6.445922726890468e-06
24.268692465639997,0.8094767871079966,-0.17215136489539873,5.655840068174722e-06
24.288692465639997,0.7960999923743657,-0.1527859751950018,5.84874062347496e-06
24.308692465639997,0.7901930420048302,-0.16702364620141452,5.7956554918686245e-06
24.328692465639996,0.8447932714479975,-0.16743084803874808,5.478593123068381e-06
24.348692465639996,0.6723084609257057,-0.1650012362661073,6.620544224599927e-06
24.368692465639995,0.7594723058136879,-0.14800044578441884,6.106326929292854e-06
24.388692465639995,0.7621213475504192,-0.20751380998990498,5.712692672503796e-06
24.408692465639994,0.7340677006868646,-0.17206614844326396,6.110658755273443e-06
24.428692465639994,0.7644448729115538,-0.24075967198587023,5.506342044243849e-06
24.448692465639994,0.7185389682781533,-0.2045564050640678,5.993874627281115e-06
24.468692465639993,0.6698059462360106,-0.17437081381649477,6.551699899764106e-06
24.488692465639993,0.7192878033092711,-0.2451867488125572,5.7323157245717015e-06
24.508692465639992,0.7759307159576565,-0.18940273131011054,5.725090263867025e-06
24.528692465639992,0.7209612133192422,-0.18825068908336107,6.0761394993914245e-06
24.54869246563999,0.7014756470452994,-0.21111810953880195,6.051321882378445e-06
24.56869246563999,0.6774887686187867,-0.24455987056717277,5.986964583770943e-06
24.58869246563999,0.8213303015800193,-0.19908730759925675,5.407795560169178e-06
24.60869246563999,0.668375725246733,-0.18888433708343655,6.4345833201272835e-06
24.62869246563999,0.5551312423776835,-0.2595838425331749,6.768082369692097e-06
24.64869246563999,0.7571918983157957,-0.14277675695484504,6.124594912795603e-06
24.66869246563999,0.7187305916449986,-0.29657161608338356,5.42682806211885e-06
24.68869246563999,0.6377202705916716,-0.1963970735669136,6.603114002869135e-06
24.708692465639988,0.6163853608304635,-0.38589006377151236,5.493228455743466e-06
24.728692465639988,0.7180056047218386,-0.18637011758983135,6.085587053995474e-06
24.748692465639987,0.5947694288915955,-0.23047307723027188,6.666613426434729e-06
24.768692465639987,0.6667433739858097,-0.2207485850667581,6.196681382360647e-06
24.788692465639986,0.6086392562719993,-0.2693709734012373,6.261224527991069e-06
24.808692465639986,0.6944180689752102,-0.2644239934743382,5.731265782273172e-06
24.828692465639985,0.6232764825545019,-0.31127509812358767,5.877986561976386e-06
24.848692465639985,0.6530915754119633,-0.12559459661133587,7.051982499580552e-06
24.868692465639985,0.5749100206885487,-0.36586955189704895,5.83472067717028e-06
24.888692465639984,0.6085055701551028,-0.21029480118886568,6.701414990036748e-06
24.908692465639984,0.6005555199371884,-0.30983854446094483,6.024959408508831e-06
24.928692465639983,0.6430948259367142,-0.30203899144544266,5.801326991533032e-06
24.948692465639983,0.6234551256784471,-0.1665830968413502,6.937571926603489e-06
24.968692465639982,0.5367026788881049,-0.3512057541520335,6.17062138618113e-06
24.988692465639982,0.6346659072005423,-0.23271513514919207,6.3142881275799445e-06
25.00869246563998,0.7054682183661498,-0.25646214365588094,5.691501930559813e-06
25.02869246563998,0.6080781282726093,-0.34961757866403786,5.714542920240079e-06
25.04869246563998,0.6460198874992784,-0.3403149811510957,5.546569561529966e-06
25.06869246563998,0.5801363228019909,-0.3459357792744413,5.9053013786229366e-06
25.08869246563998,0.6197252178681083,-0.22109077509958297,6.50167321150564e-06
25.10869246563998,0.5295953280874528,-0.45416336378548294,5.55486146495881e-06
25.12869246563998,0.611297287454363,-0.20676475582877174,6.677542736147148e-06
25.14869246563998,0.5277717367134755,-0.3103905689640669,6.514984283321984e-06
25.168692465639978,0.5811634524543479,-0.35001355529675493,5.862039966866675e-06
25.188692465639978,0.5094039876712486,-0.25422555720433593,7.145570548624453e-06
25.208692465639977,0.6034470101003535,-0.3138725290300499,5.946149718351692e-06
25.228692465639977,0.5862904656678438,-0.21210030454676598,6.829409771751318e-06
25.248692465639976,0.5461217547272099,-0.4813951370306313,5.304535828850262e-06
25.268692465639976,0.4976002238690853,-0.31042256015643943,6.742983801175018e-06
25.288692465639976,0.5330739006021759,-0.3638085434504319,6.072666671803897e-06
25.308692465639975,0.5477012289047707,-0.3310188329328412,6.195917272019026e-06
25.328692465639975,0.5523771326988935,-0.24966108106309548,6.785793282450363e-06
25.348692465639974,0.5177009233448189,-0.43326588557101786,5.720990922430844e-06
25.368692465639974,0.4673726111650467,-0.4049663744372083,6.234293988681526e-06
25.388692465639974,0.4694439042068552,-0.24560414586449042,7.602939179636152e-06
25.408692465639973,0.5448956417385489,-0.3581548906295211,6.0178784581666775e-06
25.428692465639973,0.44910679807071574,-0.32087313766533043,7.055327657621409e-06
25.448692465639972,0.4865339626558125,-0.3096111132472288,6.820933736586264e-06
25.468692465639972,0.5152698449492163,-0.33170101733412594,6.409275035042616e-06
25.48869246563997,0.5228365765942726,-0.3714463262294885,6.067952397453989e-06
25.50869246563997,0.4886331460365909,-0.4189636839728337,5.976783306933282e-06
25.52869246563997,0.454070785024669,-0.31656013429164886,7.036429871081509e-06
25.54869246563997,0.4558831668109633,-0.32513827085494995,6.9402768092708205e-06
25.56869246563997,0.510475171264261,-0.48064602352678776,5.467074499622201e-06
25.58869246563997,0.43002135725691915,-0.2896851478435565,7.526034249975722e-06
25.60869246563997,0.510087324280903,-0.3798246707592625,6.0844100223618456e-06
25.62869246563997,0.5305861491942778,-0.40665259672096,5.775051760656364e-06
25.648692465639968,0.4382589309971081,-0.49469858715019654,5.799437599509642e-06
25.668692465639968,0.4688325689639896,-0.4986180306877941,5.590622469898152e-06
25.688692465639967,0.42406975429912563,-0.45067480113357306,6.180865385124349e-06
25.708692465639967,0.472291381447576,-0.36854988781851716,6.427726225916125e-06
25.728692465639966,0.450327714181185,-0.37254344872781076,6.565713526915961e-06
25.748692465639966,0.41102273410069756,-0.3627780901733786,6.979579827247206e-06
25.768692465639965,0.42137920646382554,-0.4349368258554023,6.30471031846934e-06
25.788692465639965,0.4789702814305201,-0.2457658223574981,7.446651651732419e-06
25.808692465639965,0.3729597192723304,-0.5515807312913239,5.835223474599193e-06
25.828692465639964,0.47356089029926807,-0.2602073452435434,7.349658841816256e-06
25.848692465639964,0.40133668429916725,-0.6088200855301693,5.336775782043304e-06
25.868692465639963,0.4219963545037899,-0.250177173409611,8.017353895200648e-06
25.888692465639963,0.38642205492942594,-0.6300983072724193,5.299554038202056e-06
25.908692465639962,0.4155829737428576,-0.2511148361954838,8.077346649072639e-06
25.928692465639962,0.3945792182785226,-0.5702671622566413,5.579329278731093e-06
25.94869246563996,0.3999485365784494,-0.4010960834493744,6.71779524804674e-06
25.96869246563996,0.36647264353814535,-0.3879859189328272,7.130053456871252e-06
25.98869246563996,0.39301680272910744,-0.47457091392425355,6.198077598125213e-06
26.00869246563996,0.3523194601002615,-0.2988154502818361,8.255481640175957e-06
26.02869246563996,0.3835169658268569,-0.7217153965029866,4.861872881222555e-06
26.04869246563996,0.4132059245603159,-0.436618853622349,6.320812011133181e-06
26.06869246563996,0.3051110615488142,-0.5306783110136166,6.424626273468765e-06
26.08869246563996,0.3660641899514303,-0.37702142528723925,7.223541989750918e-06
26.108692465639958,0.37314354968839325,-0.42237652972107753,6.744989963520872e-06
26.128692465639958,0.3086908596451394,-0.3797198007814586,7.79163587794514e-06
26.148692465639957,0.35359594239707803,-0.47871227889845613,6.442253286327384e-06
26.168692465639957,0.3511538346792804,-0.3198179490864277,7.98842234189736e-06
26.188692465639956,0.3569179872283712,-0.48360128881176934,6.374735995402408e-06
26.208692465639956,0.29721991444239393,-0.5458137540554162,6.353443650556855e-06
26.228692465639956,0.40351310814730823,-0.4264275197056122,6.4513716968422815e-06
26.248692465639955,0.3032977637485601,-0.4432930035982281,7.169047653409848e-06
26.268692465639955,0.28555110743036494,-0.5448661632253788,6.443067067461434e-06
26.288692465639954,0.36632911465130746,-0.36737300746608526,7.289757605865624e-06
26.308692465639954,0.27455011126585305,-0.4756684849562589,7.126742007614356e-06
26.328692465639953,0.3368749111687066,-0.5867512502009049,5.786657625902029e-06
26.348692465639953,0.3100966992060421,-0.3941049739369191,7.587002863681756e-06
26.368692465639953,0.31656048092554556,-0.4906192164635286,6.616755004383192e-06
26.388692465639952,0.3066184231720399,-0.39463655301369727,7.613495035072822e-06
26.40869246563995,0.31107791037356947,-0.43434550044185016,7.159843368241955e-06
26.42869246563995,0.26679356530075893,-0.6487877418403514,5.827079497443679e-06
26.44869246563995,0.30015564980567433,-0.43440266815014184,7.260552099573619e-06
26.46869246563995,0.2989333627920132,-0.642807001597248,5.661227872899677e-06
26.48869246563995,0.2705796916707186,-0.29264884535223246,9.462428335611024e-06
26.50869246563995,0.25725313869770616,-0.9607163288164884,4.374201675515137e-06
26.52869246563995,0.2737200837364071,-0.40738704876275733,7.81924244183778e-06
26.54869246563995,0.2700656012966647,-0.7073987339390442,5.4466102142215445e-06
26.56869246563995,0.2538709800282959,-0.46065408643335104,7.448265564742765e-06
26.588692465639948,0.2541143415073748,-0.6430345598746499,5.929992049110583e-06
26.608692465639947,0.29826371814124286,-0.5402143049286678,6.3426887663718775e-06
26.628692465639947,0.2443863176376908,-0.5382914011133835,6.792471093937182e-06
26.648692465639947,0.2674600630707573,-0.5716685148654506,6.333285060112512e-06
26.668692465639946,0.26404603326591314,-0.3247062461450696,9.023455862643732e-06
26.688692465639946,0.28406795498449355,-0.6096000545076095,5.942613078357716e-06
26.708692465639945,0.2490306253603194,-0.7178234558086842,5.4908228056012185e-06
26.728692465639945,0.2531602314193151,-0.4688971728319302,7.34977906825907e-06
26.748692465639945,0.2464251587371109,-0.36802355479449034,8.633944613759465e-06
26.768692465639944,0.24097145296400413,-0.6512725497595966,5.943700010126002e-06
26.788692465639944,0.20120215756469406,-0.43308634869754314,8.35797395440981e-06
26.808692465639943,0.22674981363525148,-0.38487390405498445,8.664657863079567e-06
26.828692465639943,0.21182336975834914,-0.6013415963388979,6.514849334380255e-06
26.848692465639942,0.20289028513070662,-0.6934346872149035,5.908341538785623e-06
26.868692465639942,0.20322667220170842,-0.5876235105097294,6.693956629803629e-06
26.88869246563994,0.1863785637251567,-0.4339336230987101,8.531313703417391e-06
26.90869246563994,0.19087636678887066,-0.5541114269290119,7.101101945689621e-06
26.92869246563994,0.19337498833010613,-1.1506305248476565,3.93477585236078e-06
26.94869246563994,0.19909121436285204,-0.4357381174922921,8.32746878918942e-06
26.96869246563994,0.21065842499956489,-0.6967026941711083,5.824223693227894e-06
26.98869246563994,0.18447490637322517,-0.6784819346794393,6.1217916856885935e-06
27.00869246563994,0.18963263175828615,-0.5503389054210857,7.136745055158093e-06
27.02869246563994,0.16968848131364211,-0.5273247313016327,7.5739656019837795e-06
27.048692465639938,0.17633766962353548,-0.6209911626647227,6.618720419467795e-06
27.068692465639938,0.15391062486014562,-0.6606036003213376,6.476841433503467e-06
27.088692465639937,0.17484510336180392,-0.3570905448868871,9.914053385778964e-06
27.108692465639937,0.18369324204104487,-0.840780851431191,5.1458491566176945e-06
27.128692465639936,0.16006134389317594,-0.4241437220480293,9.020759707843433e-06
27.148692465639936,0.16720997758966405,-0.5115298345335759,7.761650451544928e-06
27.168692465639936,0.12973506283015013,-0.5920408796519041,7.296293061236832e-06
27.188692465639935,0.1541660699476779,-0.2816470395773649,1.2079671071975376e-05
27.208692465639935,0.15935057881870307,-0.8270795219577849,5.33505487559397e-06
27.228692465639934,0.15590323455398902,-0.4885794080910273,8.162871324746594e-06
27.248692465639934,0.14256623362598475,-0.45684197917580605,8.773635091177207e-06
27.268692465639933,0.12495057650085073,-0.5872717284946702,7.381368835992653e-06
27.288692465639933,0.11808195148478262,-0.4432691491674632,9.361987160875205e-06
27.308692465639933,0.12633372806885745,-0.5509682411793619,7.756577591811385e-06
27.328692465639932,0.1352448960315087,-0.940701300278306,4.8810345102734565e-06
27.34869246563993,0.12437628153566038,-0.42893375700805336,9.488203820770862e-06
27.36869246563993,0.1189736438491309,-0.34439464122988284,1.1326000045394826e-05
27.38869246563993,0.11826231290615397,-0.9805968774016947,4.7743084561804675e-06
27.40869246563993,0.10649807202935335,-0.6478272369131446,6.952550973023967e-06
27.42869246563993,0.09930656629148871,-0.46747380623128265,9.249930646316552e-06
27.44869246563993,0.11829934307024814,-0.5548185171714977,7.78597598198772e-06
27.46869246563993,0.10734706978837494,-0.7434429939166876,6.157874990389804e-06
27.48869246563993,0.09080081441788934,-0.8758962994324975,5.417679116445666e-06
27.50869246563993,0.08335984572477173,-0.6003515601041727,7.657433152615192e-06
27.528692465639928,0.10328500215837266,-0.7561976704746485,6.089332460096348e-06
27.548692465639927,0.07044940974446945,-0.46969857753720134,9.685997770913554e-06
27.568692465639927,0.08797614596733183,-0.8884147095959634,5.3565461893542555e-06
27.588692465639927,0.07816545930063512,-0.41656707925722003,1.0567904092015134e-05
27.608692465639926,0.06789720703091007,-0.6581472123289132,7.198568049101766e-06
27.628692465639926,0.0760598597698845,-0.548346518073231,8.367475767982504e-06
27.648692465639925,0.06904176979878685,-0.5907879216829315,7.91555021847325e-06
27.668692465639925,0.06114567624172196,-0.6240393726620823,7.620029078784073e-06
23.82438958582412,1.0131429931534512,-0.08718834448518464,5.089191828031889e-06
23.84438958582412,0.8101471934933215,-0.07771434773530927,6.304592825442634e-06
23.86438958582412,0.991328869247809,-0.07008104267879389,5.271672013491827e-06
23.88438958582412,0.8990456528554205,-0.06786267340066843,5.784686058889189e-06
23.90438958582412,1.0136462931986898,-0.11216970175155438,4.966245678419907e-06
23.92438958582412,0.9404213915258879,-0.09497400726786509,5.397828717726068e-06
23.94438958582412,0.7915384625666775,-0.09276464133290574,6.317689056860513e-06
23.96438958582412,0.9583587649976835,-0.08373240905348212,5.359011863483445e-06
23.98438958582412,0.8045024413440842,-0.09429021179676056,6.210990376696384e-06
24.004389585824118,0.8002673411974683,-0.12041529999260092,6.060956089055197e-06
24.024389585824117,0.7742551364935935,-0.09466409203014337,6.419588685101883e-06
24.044389585824117,0.7555194755550474,-0.14731398138974328,6.1760315086042184e-06
24.064389585824117,0.8153944791883987,-0.1061563997209305,6.048264786863957e-06
24.084389585824116,0.868853074935032,-0.12008135767246131,5.63397978143157e-06
24.104389585824116,0.9147264122730121,-0.14966319475934142,5.232550405474895e-06
24.124389585824115,0.809009783755755,-0.08713374577928334,6.212548723263937e-06
24.144389585824115,0.7959768432192504,-0.16524699149886146,5.7896887576145e-06
24.164389585824114,0.8124584793695249,-0.1404639178654179,5.837890528264936e-06
24.184389585824114,0.8160851915890817,-0.14074950683425413,5.8118098126456445e-06
24.204389585824114,0.6963279733899981,-0.1503174732933985,6.565634052591014e-06
24.224389585824113,0.9632006481988356,-0.11352932089357637,5.160678753956187e-06
24.244389585824113,0.7311333121615462,-0.16029641844215803,6.231031899439097e-06
24.264389585824112,0.767839583219029,-0.1735524301766418,5.898078001576331e-06
24.284389585824112,0.8311629971576622,-0.12822463907650672,5.785206092878347e-06
24.30438958582411,0.7051860453793779,-0.16930826518024844,6.344400025566244e-06
24.32438958582411,0.7203780201671179,-0.19536296851583757,6.056314063188368e-06
24.34438958582411,0.7408910545855178,-0.16683399060275406,6.107494700073156e-06
24.36438958582411,0.8227807396178832,-0.14726776428869925,5.712871696834023e-06
24.38438958582411,0.661799291963689,-0.16592781324288808,6.692656926749781e-06
24.40438958582411,0.7597033808124252,-0.2681563574296888,5.38747114132399e-06
24.42438958582411,0.764258281342336,-0.13776756753213704,6.136663945745355e-06
24.44438958582411,0.753619079652708,-0.20067836562884622,5.798336771320573e-06
24.464389585824108,0.7316236203168955,-0.13445670288638212,6.3865313808797925e-06
24.484389585824108,0.7676078641670756,-0.19429373387538362,5.7481283025925856e-06
24.504389585824107,0.7463281736618228,-0.18840073329920415,5.912985346266185e-06
24.524389585824107,0.6758239337941632,-0.2094918433977,6.240621080835576e-06
24.544389585824106,0.7580913048586808,-0.15442919422639534,6.052276525684191e-06
24.564389585824106,0.7175057150234352,-0.17797018634155393,6.165162863333468e-06
24.584389585824105,0.6715537445852533,-0.25646680052159354,5.946706179186172e-06
24.604389585824105,0.7287203336600214,-0.2581319134624209,5.590074003635436e-06
24.624389585824105,0.7102527939132415,-0.2177707439986989,5.942180265669253e-06
24.644389585824104,0.7178752386389533,-0.17117755417712033,6.2003184779981425e-06
24.664389585824104,0.6250932798720896,-0.31324743770528585,5.872383552647676e-06
24.684389585824103,0.6957317712003714,-0.18475573777686805,6.25588635532795e-06
24.704389585824103,0.682961261132732,-0.2078314880200196,6.181198478378395e-06
24.724389585824103,0.6533043301897123,-0.2911717165261507,5.82769152489038e-06
24.744389585824102,0.5981255367514677,-0.19301552530669142,6.954531628564371e-06
24.7643895858241,0.7135697535049985,-0.25925028002166073,5.653621735863027e-06
24.7843895858241,0.7018296369678865,-0.2948037153000769,5.516433744782723e-06
24.8043895858241,0.6322287455550395,-0.26900704098079586,6.098076233523832e-06
24.8243895858241,0.6449360854167026,-0.24417369204456918,6.1789654299094765e-06
24.8443895858241,0.5725681509356946,-0.24204366962658241,6.741424617835124e-06
24.8643895858241,0.7098669019178487,-0.22215495497221127,5.890025111134952e-06
24.8843895858241,0.5786189154023305,-0.24601263235672377,6.6546065833920226e-06
24.9043895858241,0.5331886566709727,-0.2605538496864028,6.910969285504803e-06
24.9243895858241,0.6457089097239077,-0.3231252749610576,5.659854904183014e-06
24.944389585824098,0.6753563401871361,-0.29031789043801837,5.676263791354894e-06
24.964389585824097,0.5388571309158579,-0.28887825112906285,6.619703193402693e-06
24.984389585824097,0.6553400930133648,-0.3840357700828463,5.269808115086355e-06
25.004389585824097,0.6590724065317772,-0.2866639158455655,5.7894187870762335e-06
25.024389585824096,0.6549433126056101,-0.2620167643763125,5.968907249058398e-06
25.044389585824096,0.5553942445549183,-0.34179827239131555,6.098161822893741e-06
25.064389585824095,0.539581312739756,-0.24685853347182274,6.954353354597478e-06
25.084389585824095,0.5964221627800725,-0.2687902337202104,6.318820616055301e-06
25.104389585824094,0.5318293900054414,-0.35680356092052534,6.150001252444507e-06
25.124389585824094,0.6669043867732398,-0.27056552092835773,5.827464010307839e-06
25.144389585824094,0.5940777335490566,-0.3473605765029788,5.800749394129433e-06
25.164389585824093,0.5680431209912058,-0.27642238012049347,6.464463242094417e-06
25.184389585824093,0.5849332699435763,-0.2405345126753673,6.610791194473656e-06
25.204389585824092,0.5126533198636025,-0.3593544317118358,6.255689574487215e-06
25.224389585824092,0.6018054999876767,-0.358540577290114,5.678124119131519e-06
25.24438958582409,0.591628037247574,-0.29708802883396856,6.133477535720363e-06
25.26438958582409,0.5562476515187882,-0.33006226022553165,6.14786800441441e-06
25.28438958582409,0.5292036148312036,-0.4102611544949468,5.797888308231098e-06
25.30438958582409,0.5931167990202084,-0.3456202299857978,5.800279191877785e-06
25.32438958582409,0.5812172169680707,-0.37601203232770786,5.686071692847753e-06
25.34438958582409,0.4683196318219416,-0.23938280541915447,7.688063003115423e-06
25.36438958582409,0.5196024894103175,-0.43928506615338847,5.672090001295628e-06
25.38438958582409,0.5067517665083869,-0.35249709978234023,6.32748552221417e-06
25.404389585824088,0.5532069339533336,-0.31444374846614664,6.263893790259758e-06
25.424389585824088,0.48309188275015913,-0.2871612088056281,7.053380080193102e-06
25.444389585824087,0.45419926301110536,-0.3845631663571112,6.474878478422137e-06
25.464389585824087,0.48961302487077774,-0.3312014844850637,6.614012137740962e-06
25.484389585824086,0.581747202319093,-0.3027570689446293,6.13555108697014e-06
25.504389585824086,0.4705787406710442,-0.2885719668411184,7.146008253371399e-06
25.524389585824085,0.4309384154039435,-0.31473026843741536,7.272572276992911e-06
25.544389585824085,0.5268199808197096,-0.3849420140613802,5.945577239575883e-06
25.564389585824085,0.48860979615710676,-0.3327912876557093,6.597222589969201e-06
25.584389585824084,0.44467002275632694,-0.29023360810242593,7.3710132332430725e-06
25.604389585824084,0.48499785183230415,-0.42949461191892624,5.921312707090703e-06
25.624389585824083,0.467857838695636,-0.2970185438171029,7.077001634565898e-06
25.644389585824083,0.4913602460292168,-0.42116790963336825,5.929709344691318e-06
25.664389585824082,0.3916832235408947,-0.3622923995317251,7.1740846116015685e-06
25.684389585824082,0.48310350661631674,-0.3892983903788263,6.197967687250933e-06
25.70438958582408,0.45372527427389286,-0.46356979115807917,5.89247164585284e-06
25.72438958582408,0.4045167590229539,-0.2624871877487749,8.10066828163467e-06
25.74438958582408,0.4278168580494821,-0.6700957829598337,4.919519431475308e-06
25.76438958582408,0.4560986792494077,-0.3841182817122899,6.426004707621573e-06
25.78438958582408,0.45284125811303966,-0.34304494835669175,6.781473670607518e-06
25.80438958582408,0.4131796509900596,-0.4385486170067452,6.3345899519427874e-06
25.82438958582408,0.4289835698173192,-0.33484785014297813,7.060941720057434e-06
25.84438958582408,0.3855501912184991,-0.44488781434483826,6.4922353382518444e-06
25.864389585824078,0.4295680609793635,-0.3510970042698318,6.903678877399348e-06
25.884389585824078,0.4213245044811629,-0.4560145048017148,6.1407379559026644e-06
25.904389585824077,0.41119437143788673,-0.3859157277038321,6.756379715010208e-06
25.924389585824077,0.364251320483163,-0.5037595405592583,6.202245626889934e-06
25.944389585824077,0.37152171475463547,-0.47780958141811425,6.3363792006106455e-06
25.964389585824076,0.4132117792760255,-0.2832185002043843,7.724723559184325e-06
25.984389585824076,0.44220278470311314,-0.42223217332502827,6.22116027812904e-06
26.004389585824075,0.3296926951443311,-0.5264458805322647,6.279198200501299e-06
26.024389585824075,0.35240074421744794,-0.2917554135201499,8.342562734684094e-06
26.044389585824074,0.39756211241183337,-0.5195816745690536,5.857298422097687e-06
26.064389585824074,0.38689847555360757,-0.44490627812047023,6.4559107987536305e-06
26.084389585824074,0.33555143349803984,-0.421457035234198,7.0912462794568775e-06
26.104389585824073,0.3708139239970478,-0.31688616902101785,7.803104584883691e-06
26.124389585824073,0.3722310337325325,-0.5926178252557293,5.559692647897974e-06
26.144389585824072,0.32833480900444556,-0.5201462880140753,6.319947566910275e-06
26.164389585824072,0.3722910641154158,-0.48916573550377507,6.222514219935989e-06
26.18438958582407,0.33498927994514816,-0.42694355455751065,7.032761745922973e-06
26.20438958582407,0.355457967336406,-0.3124972847290337,8.019375537375188e-06
26.22438958582407,0.3092328832426574,-0.7854834806639701,4.8913636393559345e-06
26.24438958582407,0.3703324791858904,-0.23886625841259956,8.786525084081037e-06
26.26438958582407,0.3692987649119459,-0.4530130226339679,6.5070768365969145e-06
26.28438958582407,0.28555643802974373,-0.43434661129140295,7.430056443686602e-06
26.30438958582407,0.29480846057413146,-0.5845851416233927,6.080361167591539e-06
26.32438958582407,0.320525468167034,-0.4449293660582043,6.982941510177142e-06
26.344389585824068,0.35858102882048115,-0.5370443636929849,5.9658915575578285e-06
26.364389585824068,0.268936651351396,-0.41449833242222667,7.815383289352433e-06
26.384389585824067,0.29597838591143955,-0.35011238331208006,8.264138725147972e-06
26.404389585824067,0.30140475221924135,-0.5213951797632035,6.486993723372138e-06
26.424389585824066,0.3270531535963528,-0.4047708031721413,7.290828831490567e-06
26.444389585824066,0.2810605902777752,-0.7747988171176985,5.051530446710594e-06
26.464389585824065,0.2995313874198473,-0.2843507434008643,9.131657803568414e-06
26.484389585824065,0.2760464495368069,-0.6023175662267022,6.068016512200205e-06
26.504389585824065,0.27475543550463044,-0.9022919149138033,4.5266051631117704e-06
26.524389585824064,0.2691808516465244,-0.4326355231460184,7.589091267169212e-06
26.544389585824064,0.29973114345921203,-0.4358223808230832,7.23842829214468e-06
26.564389585824063,0.2484649434336461,-0.5399850079556927,6.750417690283719e-06
26.584389585824063,0.26114264340139925,-0.5624304260127246,6.460241086362723e-06
26.604389585824062,0.2677659832115751,-0.40618203370831907,7.891749176457947e-06
26.624389585824062,0.22038829381926917,-0.5894734890316613,6.565005840012453e-06
26.64438958582406,0.2537302029195416,-0.38724334072321653,8.29185927712527e-06
26.66438958582406,0.21559973288094625,-0.7505517206154764,5.499092201221359e-06
26.68438958582406,0.27226956964295823,-0.4900991236208938,6.9665980669591885e-06
26.70438958582406,0.2308883308978693,-0.5025143558159471,7.239200750144303e-06
26.72438958582406,0.21981505016447045,-0.6112110610119998,6.386512321827968e-06
26.74438958582406,0.2663035221048631,-0.504022587381769,6.887347250300103e-06
26.76438958582406,0.19227629026863724,-0.4704188719042577,8.003141942730388e-06
26.78438958582406,0.2415137909265468,-0.9014809208456427,4.638476423942466e-06
26.804389585824058,0.2308191329066176,-0.2957501760683954,1.0064965093468988e-05
26.824389585824058,0.21182167041843059,-1.1067129571456462,4.018139615426414e-06
26.844389585824057,0.2381161056109704,-0.28142849262803793,1.0193894473265882e-05
26.864389585824057,0.18281886537442915,-0.5984440399333835,6.776652074667595e-06
26.884389585824056,0.1974080367363058,-0.5528079367941245,7.054604651150852e-06
26.904389585824056,0.19135460238612723,-0.8215671433717944,5.2231307418576095e-06
26.924389585824056,0.20840287259488832,-0.5126422406756319,7.33488497197406e-06
26.944389585824055,0.21276452655729372,-0.5175097432220355,7.239646551934713e-06
26.964389585824055,0.17568260271218605,-0.4596631343010813,8.318400741759622e-06
26.984389585824054,0.2007349422055995,-0.9193488408345729,4.716813421969417e-06
27.004389585824054,0.18560178298139363,-0.3942692498676479,9.107885234831628e-06
27.024389585824053,0.18121323281775403,-0.6720766354119405,6.187275557176578e-06
27.044389585824053,0.17999470548602403,-0.5813942353706807,6.931696607570649e-06
27.064389585824053,0.17764767548078453,-0.5425657754822168,7.325408658478008e-06
27.084389585824052,0.17534391230583424,-0.4620666904374957,8.274125759288636e-06
27.104389585824052,0.17456761359062511,-0.5751940364716575,7.031826267006778e-06
27.12438958582405,0.15666257859265897,-0.9358666910557076,4.8240132956495035e-06
27.14438958582405,0.15616174376191339,-0.3364283300470561,1.0695542983713483e-05
27.16438958582405,0.15432672136012116,-0.7368991477414966,5.909501062935502e-06
27.18438958582405,0.14614529022946954,-0.57455542817479,7.305198768010647e-06
27.20438958582405,0.150285593420449,-0.6374097085063113,6.681557885089086e-06
27.22438958582405,0.13616587752403575,-0.6226652041368652,6.933319506713981e-06
27.24438958582405,0.1606171679450199,-0.5082875522784889,7.862702104576492e-06
27.26438958582405,0.13146917935591773,-0.5041596271330491,8.271473900825838e-06
27.284389585824048,0.14025508944178,-0.5377472682739608,7.751809779613022e-06
27.304389585824048,0.13683336505346233,-0.8080363360641059,5.5605018700467255e-06
27.324389585824047,0.11381472001085058,-0.4861029277089983,8.754733474691133e-06
27.344389585824047,0.10973849764559418,-0.52991654118523,8.208016573335023e-06
27.364389585824046,0.13032202878093813,-0.5878503785934299,7.308140139432129e-06
27.384389585824046,0.10756373192270985,-0.7550519402138889,6.0823019328811896e-06
27.404389585824045,0.09319674808648415,-0.6406018687412143,7.147578364969144e-06
27.424389585824045,0.12342343271302525,-0.42118863202631474,9.627154977222906e-06
27.444389585824045,0.1252579776046332,-0.960411612642929,4.827688645611491e-06
27.464389585824044,0.10003026228878298,-0.5903891399502754,7.588804837951028e-06
27.484389585824044,0.09415155918395612,-0.828818210051395,5.674780077967327e-06
27.504389585824043,0.09491337826057133,-0.6860011367825791,6.704784478952233e-06
27.524389585824043,0.07803217420587316,-0.5854977436829358,7.888192646768278e-06
27.544389585824042,0.08922218831685313,-0.8513132787193172,5.563069945073459e-06
27.564389585824042,0.0917020658380352,-0.5409171133069322,8.2679424933158e-06
27.58438958582404,0.08911268235533498,-0.8404898066073656,5.624635131808833e-06
27.60438958582404,0.06557336224068422,-0.8314596264972351,5.826846625522583e-06
27.62438958582404,0.07501567541021359,-0.7125794515013695,6.634234078171894e-06
27.64438958582404,0.06557816190615995,-0.6020082123577595,7.824154937662252e-06
